,id,type,answer_type,question,author,url,is_collapsed,created_time,updated_time,extras,is_copyable,is_normal,voteup_count,comment_count,is_sticky,comment_permission,reshipment_settings,content,collapsed_by,mark_infos,suggest_edit,relationship
0,875805025,answer,normal,"{'type': 'question', 'id': 333014533, 'title': '人把垃圾分类减少的熵肯定会小于分类垃圾这个行为产生的熵，为什么要垃圾分类？', 'question_type': 'normal', 'created': 1562114928, 'updated_time': 1562119503, 'url': 'https://www.zhihu.com/question/333014533', 'relationship': {}}","{'id': '823fd34e1dae407121134e765b91893c', 'url_token': 'xiong-sophia-87', 'name': 'Rulin X', 'avatar_url': 'https://pic2.zhimg.com/v2-81cac8c1805a032583a232e19a67c9da_is.jpg', 'avatar_url_template': 'https://pic2.zhimg.com/v2-81cac8c1805a032583a232e19a67c9da_{size}.jpg', 'is_org': False, 'type': 'people', 'url': 'https://www.zhihu.com/people/xiong-sophia-87', 'user_type': 'people', 'headline': '看吖！是乌鸦～', 'badge': [], 'gender': 0, 'is_advertiser': False, 'is_privacy': True}",https://www.zhihu.com/question/333014533/answer/875805025,False,1572443494,1572443494,,True,True,0,0,False,all,allowed,<p>之前跟朋友聊垃圾分类这个东西，在国内的逻辑其实是有点儿吊诡的。</p><p>在加拿大，一个商品在产品包装的材质上一定会标注好，当你使用完这个东西以后把他扔到哪种垃圾桶里。</p><p>即便用户不知道这个垃圾是什么类型，扔在哪里，按照图示直接投递就好。</p><p>超市里卖的垃圾分类袋子颜色也是多样的。</p><p>所以其实根本上的垃圾分类，应该是从制造业顶端就开始让生产商意识到自己使用的是各种材料，进一步下放到用户直接分类投递。</p><p>而我们国家目前是硬着先让消费者分类，倒逼整个垃圾分类流水线化……</p><p></p>,nobody,[],"{'reason': '', 'status': False, 'tip': '', 'title': '', 'unnormal_details': {'status': '', 'description': '', 'reason': '', 'reason_id': 0, 'note': ''}, 'url': ''}",{'upvoted_followees': []}
1,875801481,answer,normal,"{'type': 'question', 'id': 333014533, 'title': '人把垃圾分类减少的熵肯定会小于分类垃圾这个行为产生的熵，为什么要垃圾分类？', 'question_type': 'normal', 'created': 1562114928, 'updated_time': 1562119503, 'url': 'https://www.zhihu.com/question/333014533', 'relationship': {}}","{'id': 'e4198eb85c61ce9f34c94e6eaa8cdc7b', 'url_token': 'pu-peng-fei', 'name': '汤姆丁', 'avatar_url': 'https://pic1.zhimg.com/v2-d63b99d92400b27d3b4530ac8df1bbc5_is.jpg', 'avatar_url_template': 'https://pic1.zhimg.com/v2-d63b99d92400b27d3b4530ac8df1bbc5_{size}.jpg', 'is_org': False, 'type': 'people', 'url': 'https://www.zhihu.com/people/pu-peng-fei', 'user_type': 'people', 'headline': '公众号：观天之蛙。财经/体制', 'badge': [], 'gender': 1, 'is_advertiser': False, 'is_privacy': False}",https://www.zhihu.com/question/333014533/answer/875801481,False,1572443285,1572443285,,True,True,0,0,False,all,allowed,<p>人活着就会熵增啊。。难道让人类去死吗。。？日子过得爽才是王道好吧。。（逃）</p>,nobody,[],"{'reason': '', 'status': False, 'tip': '', 'title': '', 'unnormal_details': {'status': '', 'description': '', 'reason': '', 'reason_id': 0, 'note': ''}, 'url': ''}",{'upvoted_followees': []}
2,875796328,answer,normal,"{'type': 'question', 'id': 333014533, 'title': '人把垃圾分类减少的熵肯定会小于分类垃圾这个行为产生的熵，为什么要垃圾分类？', 'question_type': 'normal', 'created': 1562114928, 'updated_time': 1562119503, 'url': 'https://www.zhihu.com/question/333014533', 'relationship': {}}","{'id': '972173e1e7b9d77062e411de1ead84a7', 'url_token': 'jia-ming-zi-34', 'name': '贾明子', 'avatar_url': 'https://pic3.zhimg.com/v2-d7caa0edc6c64e6c23fefb4aab0a65da_is.jpg', 'avatar_url_template': 'https://pic3.zhimg.com/v2-d7caa0edc6c64e6c23fefb4aab0a65da_{size}.jpg', 'is_org': False, 'type': 'people', 'url': 'https://www.zhihu.com/people/jia-ming-zi-34', 'user_type': 'people', 'headline': '化学工程，玻尔兹曼门下走狗', 'badge': [{'type': 'identity', 'description': '美国普度大学 化学工程博士', 'topics': []}, {'type': 'best_answerer', 'description': '优秀回答者', 'topics': []}], 'gender': -1, 'is_advertiser': False, 'is_privacy': False}",https://www.zhihu.com/question/333014533/answer/875796328,False,1572442964,1572442964,,False,True,3,3,False,all,need_payment,<p>首先，先问是不是，再问为什么。你为何觉得“人把垃圾分类减少的熵肯定会小于分类垃圾这个行为产生的熵？”这句话有何依据？</p><p>其次，垃圾分类后，可循环的垃圾再利用，进而节约了资源。我们知道所有的资源都是靠熵增换来的。分类带来的熵增远远小于资源浪费所带来的熵增。</p><p>举个例子，看这两种方式的区别：</p><ul><li>我们洗菜用5升水，然后把它与生活污水混合后排掉（当垃圾），然后再用5升自来水浇花。</li><li>我们洗菜用5升水，然后把它拿来浇花（把洗菜水与生活污水分类）。</li></ul><p>你收集洗菜水多花费了一点点能量。但是你少用了5升自来水，少排放了5升污水。你觉得你把洗菜水浇花额外造成的熵增会高于把5升污水转化为自来水的熵增吗？</p>,nobody,[],"{'reason': '', 'status': False, 'tip': '', 'title': '', 'unnormal_details': {'status': '', 'description': '', 'reason': '', 'reason_id': 0, 'note': ''}, 'url': ''}",{'upvoted_followees': []}
3,805143265,answer,normal,"{'type': 'question', 'id': 333014533, 'title': '人把垃圾分类减少的熵肯定会小于分类垃圾这个行为产生的熵，为什么要垃圾分类？', 'question_type': 'normal', 'created': 1562114928, 'updated_time': 1562119503, 'url': 'https://www.zhihu.com/question/333014533', 'relationship': {}}","{'id': '9541c8240fea4e4c47564ed1ea563987', 'url_token': 'tai-yang-shen-da-ren-17', 'name': '想当院士的轩儿', 'avatar_url': 'https://pic4.zhimg.com/da8e974dc_is.jpg', 'avatar_url_template': 'https://pic4.zhimg.com/da8e974dc_{size}.jpg', 'is_org': False, 'type': 'people', 'url': 'https://www.zhihu.com/people/tai-yang-shen-da-ren-17', 'user_type': 'people', 'headline': '自然科学至上主义者。请关注公众号“帝国之花的日常”', 'badge': [], 'gender': -1, 'is_advertiser': False, 'is_privacy': False}",https://www.zhihu.com/question/333014533/answer/805143265,False,1566941472,1566941472,,True,True,0,0,False,all,allowed,<p>这个问题类似于第二类永动机</p>,nobody,[],"{'reason': '', 'status': False, 'tip': '', 'title': '', 'unnormal_details': {'status': '', 'description': '', 'reason': '', 'reason_id': 0, 'note': ''}, 'url': ''}",{'upvoted_followees': []}
4,797818285,answer,normal,"{'type': 'question', 'id': 333014533, 'title': '人把垃圾分类减少的熵肯定会小于分类垃圾这个行为产生的熵，为什么要垃圾分类？', 'question_type': 'normal', 'created': 1562114928, 'updated_time': 1562119503, 'url': 'https://www.zhihu.com/question/333014533', 'relationship': {}}","{'id': 'fe289322c195072ed396f74c30a5df60', 'url_token': 'bengoui3e', 'name': '笨狗', 'avatar_url': 'https://pic1.zhimg.com/v2-f7f7c43391fd47c9e2512379bb31d6d5_is.jpg', 'avatar_url_template': 'https://pic1.zhimg.com/v2-f7f7c43391fd47c9e2512379bb31d6d5_{size}.jpg', 'is_org': False, 'type': 'people', 'url': 'https://www.zhihu.com/people/bengoui3e', 'user_type': 'people', 'headline': '自我拯救，永远在路上。', 'badge': [], 'gender': 1, 'is_advertiser': False, 'is_privacy': True}",https://www.zhihu.com/question/333014533/answer/797818285,False,1566411032,1566411032,,True,True,1,0,False,all,allowed,<p>那家里干嘛要用垃圾桶收集垃圾（减熵）啊？干嘛用抽水马桶冲厕所（减熵）啊？</p><p>随地乱扔乱吐痰随意大小便早点憋死自己（增熵），岂不更好？</p>,nobody,[],"{'reason': '', 'status': False, 'tip': '', 'title': '', 'unnormal_details': {'status': '', 'description': '', 'reason': '', 'reason_id': 0, 'note': ''}, 'url': ''}",{'upvoted_followees': []}
5,797337179,answer,normal,"{'type': 'question', 'id': 333014533, 'title': '人把垃圾分类减少的熵肯定会小于分类垃圾这个行为产生的熵，为什么要垃圾分类？', 'question_type': 'normal', 'created': 1562114928, 'updated_time': 1562119503, 'url': 'https://www.zhihu.com/question/333014533', 'relationship': {}}","{'id': '592f6c3dfcd9ecb26014196c660a8b55', 'url_token': 'madcreeper', 'name': 'MadCreeper', 'avatar_url': 'https://pic1.zhimg.com/v2-df500511ef3e33b5025f3270c454f45b_is.jpg', 'avatar_url_template': 'https://pic1.zhimg.com/v2-df500511ef3e33b5025f3270c454f45b_{size}.jpg', 'is_org': False, 'type': 'people', 'url': 'https://www.zhihu.com/people/madcreeper', 'user_type': 'people', 'headline': '喜欢没事乱写代码', 'badge': [], 'gender': -1, 'is_advertiser': False, 'is_privacy': False}",https://www.zhihu.com/question/333014533/answer/797337179,False,1566381332,1566381332,,True,True,1,0,False,all,allowed,<p>人类生存减少的熵肯定小于生存这个行为产生的熵，为什么人类要生存?</p>,nobody,[],"{'reason': '', 'status': False, 'tip': '', 'title': '', 'unnormal_details': {'status': '', 'description': '', 'reason': '', 'reason_id': 0, 'note': ''}, 'url': ''}",{'upvoted_followees': []}
6,797103110,answer,normal,"{'type': 'question', 'id': 333014533, 'title': '人把垃圾分类减少的熵肯定会小于分类垃圾这个行为产生的熵，为什么要垃圾分类？', 'question_type': 'normal', 'created': 1562114928, 'updated_time': 1562119503, 'url': 'https://www.zhihu.com/question/333014533', 'relationship': {}}","{'id': 'bd9900f8ed9e7d86fd1e7d9751674f8a', 'url_token': 'peng-hong-yi', 'name': 'Fromist', 'avatar_url': 'https://pic4.zhimg.com/1ffb853cc5c661821ae32c20a2d266e0_is.jpg', 'avatar_url_template': 'https://pic4.zhimg.com/1ffb853cc5c661821ae32c20a2d266e0_{size}.jpg', 'is_org': False, 'type': 'people', 'url': 'https://www.zhihu.com/people/peng-hong-yi', 'user_type': 'people', 'headline': '建筑师学徒', 'badge': [], 'gender': 1, 'is_advertiser': False, 'is_privacy': True}",https://www.zhihu.com/question/333014533/answer/797103110,False,1566370807,1566370807,,True,True,1,0,False,all,allowed,<p>人活着就会导致熵增，那么为什么不去死？</p>,nobody,[],"{'reason': '', 'status': False, 'tip': '', 'title': '', 'unnormal_details': {'status': '', 'description': '', 'reason': '', 'reason_id': 0, 'note': ''}, 'url': ''}",{'upvoted_followees': []}
7,797046431,answer,normal,"{'type': 'question', 'id': 333014533, 'title': '人把垃圾分类减少的熵肯定会小于分类垃圾这个行为产生的熵，为什么要垃圾分类？', 'question_type': 'normal', 'created': 1562114928, 'updated_time': 1562119503, 'url': 'https://www.zhihu.com/question/333014533', 'relationship': {}}","{'id': 'eb67c87bde5ed3b991f942e7d4b81838', 'url_token': 'MarryMea', 'name': '赵泠', 'avatar_url': 'https://pic2.zhimg.com/0ce64377f59bba8c11e09168274f86c1_is.jpg', 'avatar_url_template': 'https://pic2.zhimg.com/0ce64377f59bba8c11e09168274f86c1_{size}.jpg', 'is_org': False, 'type': 'people', 'url': 'https://www.zhihu.com/people/MarryMea', 'user_type': 'people', 'headline': '托身白刃里，剃头红尘中', 'badge': [], 'gender': 0, 'is_advertiser': False, 'is_privacy': False}",https://www.zhihu.com/question/333014533/answer/797046431,False,1566368241,1566368372,,True,True,4,0,False,all,allowed,<p>因为垃圾分类可以在一定范围内让一部分人受益，这包括且不限于看起来控制了污染、增加了就业、在上级面前邀功等。虽然有很大的不确定性，一部分掌权的人还是认为进行垃圾分类是值得的，所以能够实行。日本等地实践证明垃圾分类对减少污染、保护环境没什么用。</p><p>这都是相对于人类生存所需的环境来说的。该政策的制订跟熵没有任何关系。</p><p>垃圾分类减少的熵很可能大于分类垃圾这个行为产生的熵，这个行为消耗的能量并不大，而在一定程度上减轻了焚烧炉与掩埋场前大规模机械化分拣的力度。不过讨论它的价值实在太小了，两者在地球的热力学状态下完全可以忽略。</p><p>太阳每秒放出能量约3.86E26焦耳，地球每秒接收太阳能约1.73E17焦耳，其中直接反射到太空约5.2E16焦耳，地表红外辐射散发约8.1E16焦耳，水循环使用约4E16焦耳，大气流动使用约3.7E14焦耳。地球内部的放射性物质衰变、潮汐加热、小天体撞击、人类文明使用的化石燃料与核能等也为地球提供了一些热量。这些能量中途要不要被生物利用一下对太阳和地球来说都无所谓。</p><p>地球生物圈的光合作用每秒约可将4E13焦耳光能转换为化学能，人类文明目前的总功率约2E13瓦，跟地球比起来微不足道。包括人类在内，地球生物圈现在能做的一切对地球的熵不产生有效影响。</p><p>热力学第二定律在宇观尺度上是无效的，人类现在和将来都不会有考虑宇宙的熵的必要性。只有一种情况会让人类参与“宇宙的热力学平衡”这个问题，就是人类造出了总输出功率在天文上有意义的第一类永动机。那在现在看来几乎是不可能的。</p>,nobody,[],"{'reason': '', 'status': False, 'tip': '', 'title': '', 'unnormal_details': {'status': '', 'description': '', 'reason': '', 'reason_id': 0, 'note': ''}, 'url': ''}",{'upvoted_followees': []}
8,797011791,answer,normal,"{'type': 'question', 'id': 333014533, 'title': '人把垃圾分类减少的熵肯定会小于分类垃圾这个行为产生的熵，为什么要垃圾分类？', 'question_type': 'normal', 'created': 1562114928, 'updated_time': 1562119503, 'url': 'https://www.zhihu.com/question/333014533', 'relationship': {}}","{'id': '7ef99db689fc93693173e068f6428f83', 'url_token': 'wang-xiao-chi', 'name': '王霄池', 'avatar_url': 'https://pic2.zhimg.com/v2-b84564b7cd3ea609d6a6dc74794e28fa_is.jpg', 'avatar_url_template': 'https://pic2.zhimg.com/v2-b84564b7cd3ea609d6a6dc74794e28fa_{size}.jpg', 'is_org': False, 'type': 'people', 'url': 'https://www.zhihu.com/people/wang-xiao-chi', 'user_type': 'people', 'headline': '自从我生下来，我就一直活着。', 'badge': [], 'gender': 1, 'is_advertiser': False, 'is_privacy': False}",https://www.zhihu.com/question/333014533/answer/797011791,False,1566366579,1566366579,,True,True,0,0,False,all,allowed,<p>反正太阳系这个逆熵区都在了，不用白不用啊</p>,nobody,[],"{'reason': '', 'status': False, 'tip': '', 'title': '', 'unnormal_details': {'status': '', 'description': '', 'reason': '', 'reason_id': 0, 'note': ''}, 'url': ''}",{'upvoted_followees': []}
9,797004425,answer,normal,"{'type': 'question', 'id': 333014533, 'title': '人把垃圾分类减少的熵肯定会小于分类垃圾这个行为产生的熵，为什么要垃圾分类？', 'question_type': 'normal', 'created': 1562114928, 'updated_time': 1562119503, 'url': 'https://www.zhihu.com/question/333014533', 'relationship': {}}","{'id': '58b73219d31a608c4d1daf4528a7c812', 'url_token': 'cang-yuan-xue', 'name': '苍原雪', 'avatar_url': 'https://pic1.zhimg.com/6bc8c9b1f4e87291972d8ce26f5a0feb_is.jpg', 'avatar_url_template': 'https://pic1.zhimg.com/6bc8c9b1f4e87291972d8ce26f5a0feb_{size}.jpg', 'is_org': False, 'type': 'people', 'url': 'https://www.zhihu.com/people/cang-yuan-xue', 'user_type': 'people', 'headline': '啊我被变成人了。・°°・(＞_＜)・°°・。', 'badge': [{'type': 'identity', 'description': '京都大学 社会基盘工学硕士在读', 'topics': []}], 'gender': 1, 'is_advertiser': False, 'is_privacy': False}",https://www.zhihu.com/question/333014533/answer/797004425,False,1566366227,1566366227,,True,True,3,0,False,all,allowed,<p>这大概是我今年见过最思路清奇的提问了。</p><p>因为：</p><p>（未分类垃圾的处理过程产生的熵 - 已分类垃圾处理过程产生的熵）&gt;&gt;（垃圾分类行为产生的熵 - 垃圾分类减少的熵）</p>,nobody,[],"{'reason': '', 'status': False, 'tip': '', 'title': '', 'unnormal_details': {'status': '', 'description': '', 'reason': '', 'reason_id': 0, 'note': ''}, 'url': ''}",{'upvoted_followees': []}
10,796859180,answer,normal,"{'type': 'question', 'id': 333014533, 'title': '人把垃圾分类减少的熵肯定会小于分类垃圾这个行为产生的熵，为什么要垃圾分类？', 'question_type': 'normal', 'created': 1562114928, 'updated_time': 1562119503, 'url': 'https://www.zhihu.com/question/333014533', 'relationship': {}}","{'id': '58e8719a69fe5ae25e17fbe3b4312721', 'url_token': 'tao-yu-83-70', 'name': '陶豫', 'avatar_url': 'https://pic1.zhimg.com/v2-531486f662a896b30008441bdfe9aa16_is.jpg', 'avatar_url_template': 'https://pic1.zhimg.com/v2-531486f662a896b30008441bdfe9aa16_{size}.jpg', 'is_org': False, 'type': 'people', 'url': 'https://www.zhihu.com/people/tao-yu-83-70', 'user_type': 'people', 'headline': '北大化院16级本科生。已退乎，欢迎来公众号玩：退乎的陶象', 'badge': [], 'gender': -1, 'is_advertiser': False, 'is_privacy': False}",https://www.zhihu.com/question/333014533/answer/796859180,False,1566359341,1566359341,,True,True,1,0,False,all,allowed,<p>谢邀。</p><p>地球从太阳得到太阳光，然后把这些能量以热的形式释放出去，这本身就是给地球以外的环境带来了正的熵，所以可以借此给地球带来负的熵。</p><p>地球不是孤立体系，相反是个远离平衡态以至于可以进行自组装的体系，不必担心熵增太多导致热寂。</p>,nobody,[],"{'reason': '', 'status': False, 'tip': '', 'title': '', 'unnormal_details': {'status': '', 'description': '', 'reason': '', 'reason_id': 0, 'note': ''}, 'url': ''}",{'upvoted_followees': []}
11,796792628,answer,normal,"{'type': 'question', 'id': 333014533, 'title': '人把垃圾分类减少的熵肯定会小于分类垃圾这个行为产生的熵，为什么要垃圾分类？', 'question_type': 'normal', 'created': 1562114928, 'updated_time': 1562119503, 'url': 'https://www.zhihu.com/question/333014533', 'relationship': {}}","{'id': 'ace6c4f0fc93192efcd5f91d9c445cec', 'url_token': 'zhong-fan-89-79', 'name': 'hauin', 'avatar_url': 'https://pic1.zhimg.com/v2-4d38865695410194d91c573568faa917_is.jpg', 'avatar_url_template': 'https://pic1.zhimg.com/v2-4d38865695410194d91c573568faa917_{size}.jpg', 'is_org': False, 'type': 'people', 'url': 'https://www.zhihu.com/people/zhong-fan-89-79', 'user_type': 'people', 'headline': '啊呜啊呜啊呜', 'badge': [], 'gender': -1, 'is_advertiser': False, 'is_privacy': False}",https://www.zhihu.com/question/333014533/answer/796792628,False,1566356592,1566356592,,True,True,1,0,False,all,allowed,<p>因为无论群体还是个体，人类生存的目标或者意义都不是让系统熵减小。</p>,nobody,[],"{'reason': '', 'status': False, 'tip': '', 'title': '', 'unnormal_details': {'status': '', 'description': '', 'reason': '', 'reason_id': 0, 'note': ''}, 'url': ''}",{'upvoted_followees': []}
12,796716518,answer,normal,"{'type': 'question', 'id': 333014533, 'title': '人把垃圾分类减少的熵肯定会小于分类垃圾这个行为产生的熵，为什么要垃圾分类？', 'question_type': 'normal', 'created': 1562114928, 'updated_time': 1562119503, 'url': 'https://www.zhihu.com/question/333014533', 'relationship': {}}","{'id': 'f9478535947acafa75b8703b9c135d7d', 'url_token': 'EulerAI', 'name': 'AI Euler', 'avatar_url': 'https://pic1.zhimg.com/v2-ab91485afb16b964a4287766dddb687d_is.jpg', 'avatar_url_template': 'https://pic1.zhimg.com/v2-ab91485afb16b964a4287766dddb687d_{size}.jpg', 'is_org': False, 'type': 'people', 'url': 'https://www.zhihu.com/people/EulerAI', 'user_type': 'people', 'headline': '写故事的躺家(与作家相对那种)，学物理的，不是男的。', 'badge': [], 'gender': 0, 'is_advertiser': False, 'is_privacy': True}",https://www.zhihu.com/question/333014533/answer/796716518,False,1566353574,1567013738,,False,True,96,3,False,all,disallowed,"<p>这个问题有点意思，我从物理学角度讨论一下。</p><p class=""ztext-empty-paragraph""><br/></p><p><b>1、在垃圾处理这一问题里，“熵增”到底是什么？</b></p><p>除了信息层面的无序性外，熵在此处应被视作衡量系统做功能力丧失程度的指标。</p><p>一个压紧的气缸内，有一堆气体粒子。当我们将卡紧的活塞松开时，气体向外膨胀，就会推动活塞向外做功。过程中，气体状态的不确定性，也即熵，不断增加。与此同时，从生活常识也可知：系统在最初压紧的状态，是最有做功潜力的；而在活塞顶到头停下后，气体就彻底丧失了做功能力，这也正对应着熵最大的状态。</p><p>人类之所以要把垃圾分类，是因为不同类垃圾的最佳处理方式有区别，混在一起，就会导致：</p><p class=""ztext-empty-paragraph""><br/></p><p><b>1）可回收垃圾难以被再利用</b></p><p>充分的“再利用”，就是将垃圾中仍能做功的那部分能量，最大限度地榨取出剩余的价值。</p><p>相比于充分利用的情况，浪费掉可回收垃圾，显然是一种<b>熵增</b>。</p><p class=""ztext-empty-paragraph""><br/></p><p><b>2）有害垃圾污染环境</b></p><p>有害于环境的那部分垃圾，若不能被分拣出来特殊处理，会污染环境，有害动植物的生长。</p><p>这种污染，并不能纯以垃圾体积的大小来看。有时极少量的污染物就能影响极大的范围，尤其是放射性物质还有一些重金属。它们会随着水、风等自然载体的活动，扩散到更大范围，并且相当不可控。这一扩散过程显然是<b>熵增</b>的。（比如切尔诺贝利）</p><p>我们人类的生存，依赖于摄取有潜在做功能力的能量来源（肉、粮食等），这就需要动植物的生长（从自然界摄取能量做功）也不受阻碍。</p><p>若它们长着长着就被毒死了，之前所摄取的能量，就会在利于人类生存的意义下被浪费掉，导致做功能力减少 <img src=""https://www.zhihu.com/equation?tex=%5CRightarrow"" alt=""\Rightarrow"" eeimg=""1""/> <b>熵增</b>。</p><p>即便动植物还能活着长大，被我们吃掉，到了体内，它们所吸收的污染物，就会被富集在某些器官中，使人体正常做功过程（如蛋白质和各种遗传物质的合成）受到影响，出错或干脆没法继续（生病乃至死亡），也即做功能力受损<img src=""https://www.zhihu.com/equation?tex=%5CRightarrow"" alt=""\Rightarrow"" eeimg=""1""/> <b>熵增</b>。</p><p class=""ztext-empty-paragraph""><br/></p><p><b>3）巨量的垃圾占据生存空间</b></p><p>即便某类垃圾不可再利用，也不算太有害，若不把这部分垃圾分类处理，而只是简单地堆在某处，总有一天，垃圾会逐渐吞没我们的日常生活场所。事实上，在一些用于堆放垃圾的地区，就有许多孩子从小成长在垃圾山旁。</p><p>若我们闻着垃圾的气息生活，可能生病、早死，或至少，也会导致学习与工作效率下降。显然，这也是做功能力下降 <img src=""https://www.zhihu.com/equation?tex=%5CRightarrow"" alt=""\Rightarrow"" eeimg=""1""/> <b>熵增</b>。</p><p>若我们不得不从离垃圾很近的地方找水喝，就必须花费大量精力净化水资源，额外做很多功，导致有效做功能力下降 <img src=""https://www.zhihu.com/equation?tex=%5CRightarrow"" alt=""\Rightarrow"" eeimg=""1""/> <b>熵增</b>。</p><p>若我们上班、上学，需要花几个小时，徒手翻越几座垃圾山，就会降低每日的有效工作产出，也即做功能力下降 <img src=""https://www.zhihu.com/equation?tex=%5CRightarrow"" alt=""\Rightarrow"" eeimg=""1""/> <b>熵增</b>。</p><p>若我们为了方便生活，不得不在垃圾山四周建起隔绝气味与其他污染的墙，也不得不在垃圾山之间修路、建桥，也损失了本可用来做其他更有价值之事的能量 <img src=""https://www.zhihu.com/equation?tex=%5CRightarrow"" alt=""\Rightarrow"" eeimg=""1""/> <b>熵增</b>。</p><p class=""ztext-empty-paragraph""><br/></p><p><b>2、分类垃圾这个行为产生的熵，增到了什么地方？</b></p><p>对规划与执行分类的人员来说，垃圾分类过程消耗人体细胞内的化学能，一部分用于做功（讨论方案与执行分类），一部分产热，耗散到环境中。熵的增量就在于后者。</p><p>这种熵增过程危害较小：</p><p>1）它不会导致<b>大范围、长时间</b>的负面影响；</p><p>2）考虑到现代人摄食过多又久坐不动的生活方式，它作为一种不占用过多工作时间的额外运动，可能有利于身体健康，因此还可能提升工作效率（虽然微乎其微） <img src=""https://www.zhihu.com/equation?tex=%5CRightarrow"" alt=""\Rightarrow"" eeimg=""1""/> <b>熵减</b>。</p><p>3）它是人类内部行为，相对自然活动而言，可控性高（也即更有序） <img src=""https://www.zhihu.com/equation?tex=%5CRightarrow"" alt=""\Rightarrow"" eeimg=""1""/><b> 熵减</b>。</p><p class=""ztext-empty-paragraph""><br/></p><p>对社会来说，需要额外调用一些垃圾车和每种垃圾对应的处理设备，还有制造它们所需的材料和运转所需的燃料。不过，只要进行合理规划，相对于人类各类活动导致的熵增总量而言，这只是很小的一部分。</p><p class=""ztext-empty-paragraph""><br/></p><p><b>3、垃圾分类减少的熵肯定小于分类垃圾这个行为产生的熵吗？</b></p><p>由1、2分析可知，<b>答案很可能是：未必。</b></p><p>当今人类工业十分发达，我们所制造的许多污染物一旦产生，就如重金属、辐射性物质、塑料微粒等进入人体后，就难以被代谢出去一样，它们更难以被地球自然排出到外太空。</p><p>因此，<b>垃圾污染存在相当大的不可逆性，持续时间可能很长。</b></p><p>导致我们生病与过早死亡的污染物，即便在我们死了烧成灰后，仍可能继续留在环境中，导致我们的子孙后代生病与过早死亡。</p><p>这也就意味着：<b>对人类社会与整个地球而言，垃圾所造成的熵增，并不是一次性的，如果不处理，它的总量可能随着时间不断累加。</b></p><p>除非人类与其他多数物种都灭绝了，地球经过剧烈的地质活动重新洗牌了，那么垃圾在人道/关怀生命的意义上所造成的影响，也许就可以忽略了。不过这对人类来说，就失去了意义。</p><p class=""ztext-empty-paragraph""><br/></p><p><b>4、减少整个宇宙的熵增是人类生活的目的之一吗？</b></p><p>题目的潜台词可能在于：我们为什么不尽量减少世界整体的熵增呢？</p><p>前面我们已探讨过题目自身是否成立的问题，不过还需要指出：这一默认原则本身也并不显然成立。</p><p>我如上的分析，就是在现代社会多数人所认同的价值框架内进行的。这里所考虑的“做功”，其核心，都在于服务人类自身更好地生存下去。</p><p>我们人类希望维持自身这个系统局部的熵减，但我们活得越富足、寿命越长，需要摄取的能量和“负熵”就越多，给环境带来的负担也就越大。事实上，人类的活动，反倒使地球整体的熵增加得更快了（当然也包括宇宙整体的熵）。</p><p>谁叫我们生而贪婪呢？</p><p>但是，来都来了，贪都贪了。只能充分利用所吸取的能量，好好做功，做个有价值的生命体，尽量少制造垃圾了。</p><p>或许这样，才能减轻一点生而为人的愧疚感吧。</p>",nobody,[],"{'reason': '', 'status': False, 'tip': '', 'title': '', 'unnormal_details': {'status': '', 'description': '', 'reason': '', 'reason_id': 0, 'note': ''}, 'url': ''}",{'upvoted_followees': []}
13,736066420,answer,normal,"{'type': 'question', 'id': 333014533, 'title': '人把垃圾分类减少的熵肯定会小于分类垃圾这个行为产生的熵，为什么要垃圾分类？', 'question_type': 'normal', 'created': 1562114928, 'updated_time': 1562119503, 'url': 'https://www.zhihu.com/question/333014533', 'relationship': {}}","{'id': '5be1ddecf722d35705b29d5ad97cbdfa', 'url_token': 'lfinger', 'name': '手曲一指', 'avatar_url': 'https://pic2.zhimg.com/v2-843ddbb4c5a80233bff29f3cb01a3f14_is.jpg', 'avatar_url_template': 'https://pic2.zhimg.com/v2-843ddbb4c5a80233bff29f3cb01a3f14_{size}.jpg', 'is_org': False, 'type': 'people', 'url': 'https://www.zhihu.com/people/lfinger', 'user_type': 'people', 'headline': '兼爱求真', 'badge': [{'type': 'identity', 'description': '湖南云连天地网络科技有限公司 联合创始人', 'topics': []}], 'gender': 1, 'is_advertiser': False, 'is_privacy': False}",https://www.zhihu.com/question/333014533/answer/736066420,False,1562129696,1565925082,,False,True,6,0,False,all,need_payment,<p>这样提问题是没有逻辑的。人类的一切活动都会使整个地球系统熵增，那人类为什么还有做这些事呢？</p><p>但我不否认从熵增的角度考虑问题是个好的角度。只有居民在扔垃圾的时候刻意不把垃圾混合在一起，是减缓熵增最有效的方法，而把混合的垃圾再分开这一行为确实会增加更多的熵</p>,nobody,[],"{'reason': '', 'status': False, 'tip': '', 'title': '', 'unnormal_details': {'status': '', 'description': '', 'reason': '', 'reason_id': 0, 'note': ''}, 'url': ''}",{'upvoted_followees': []}
14,735984145,answer,normal,"{'type': 'question', 'id': 333014533, 'title': '人把垃圾分类减少的熵肯定会小于分类垃圾这个行为产生的熵，为什么要垃圾分类？', 'question_type': 'normal', 'created': 1562114928, 'updated_time': 1562119503, 'url': 'https://www.zhihu.com/question/333014533', 'relationship': {}}","{'id': 'b8c22201bd99da036013627fff8ab1ba', 'url_token': 'joyee_91', 'name': 'Joyee张本人', 'avatar_url': 'https://pic2.zhimg.com/v2-3608e6dce6dff36299a626eb7cc1db49_is.jpg', 'avatar_url_template': 'https://pic2.zhimg.com/v2-3608e6dce6dff36299a626eb7cc1db49_{size}.jpg', 'is_org': False, 'type': 'people', 'url': 'https://www.zhihu.com/people/joyee_91', 'user_type': 'people', 'headline': '做留学，我可是，认真哒。来咨询，可是要，付费哒。', 'badge': [], 'gender': 1, 'is_advertiser': False, 'is_privacy': False}",https://www.zhihu.com/question/333014533/answer/735984145,False,1562125353,1562125353,,True,True,1,0,False,all,allowed,<p>因为你只考虑了，生产垃圾者和垃圾之间的关系，</p><p>但你没有考虑之后，垃圾与垃圾处理者直接的关系，</p><p>即，生产者把垃圾分类减少的熵，会降低处理者分类垃圾产生的熵，</p><p>你多干点活，帮助国家减轻点负担，</p><p>怎么了？不情不愿的？</p>,nobody,[],"{'reason': '', 'status': False, 'tip': '', 'title': '', 'unnormal_details': {'status': '', 'description': '', 'reason': '', 'reason_id': 0, 'note': ''}, 'url': ''}",{'upvoted_followees': []}
15,735799426,answer,normal,"{'type': 'question', 'id': 333014533, 'title': '人把垃圾分类减少的熵肯定会小于分类垃圾这个行为产生的熵，为什么要垃圾分类？', 'question_type': 'normal', 'created': 1562114928, 'updated_time': 1562119503, 'url': 'https://www.zhihu.com/question/333014533', 'relationship': {}}","{'id': '947fa2c283432120441f63fcbb248188', 'url_token': 'xie-harry', 'name': 'Xie Harry', 'avatar_url': 'https://pic4.zhimg.com/da8e974dc_is.jpg', 'avatar_url_template': 'https://pic4.zhimg.com/da8e974dc_{size}.jpg', 'is_org': False, 'type': 'people', 'url': 'https://www.zhihu.com/people/xie-harry', 'user_type': 'people', 'headline': '', 'badge': [], 'gender': 1, 'is_advertiser': False, 'is_privacy': False}",https://www.zhihu.com/question/333014533/answer/735799426,False,1562116095,1562116095,,True,True,5,0,False,all,allowed,<p>我的观点：减少消费才能减少垃圾！进而不会头疼垃圾分类。</p><p>你不产生垃圾就不会耗费精力去垃圾分类，偏远山区空巢老人和留守儿童就不会头疼垃圾分类，他们一个月创造的不可降解垃圾还不如小白领一天创造的不可降解垃圾。</p><p>垃圾分类从看紧钱包做起！</p>,nobody,[],"{'reason': '', 'status': False, 'tip': '', 'title': '', 'unnormal_details': {'status': '', 'description': '', 'reason': '', 'reason_id': 0, 'note': ''}, 'url': ''}",{'upvoted_followees': []}
16,735789582,answer,normal,"{'type': 'question', 'id': 333014533, 'title': '人把垃圾分类减少的熵肯定会小于分类垃圾这个行为产生的熵，为什么要垃圾分类？', 'question_type': 'normal', 'created': 1562114928, 'updated_time': 1562119503, 'url': 'https://www.zhihu.com/question/333014533', 'relationship': {}}","{'id': 'ddab51289644d43a5685fe3454b19687', 'url_token': 'ding-ming-wei-42', 'name': '一只死考拉', 'avatar_url': 'https://pic4.zhimg.com/19d78acee82362e00f43b6e1ca54e44b_is.jpg', 'avatar_url_template': 'https://pic4.zhimg.com/19d78acee82362e00f43b6e1ca54e44b_{size}.jpg', 'is_org': False, 'type': 'people', 'url': 'https://www.zhihu.com/people/ding-ming-wei-42', 'user_type': 'people', 'headline': 'Quasi-physicist', 'badge': [], 'gender': 1, 'is_advertiser': False, 'is_privacy': False}",https://www.zhihu.com/question/333014533/answer/735789582,False,1562115480,1562115480,,True,True,5,0,False,all,allowed,"<p>我就在垃圾分类问题下发泄了情绪 结果现在一天收到十几个垃圾分类相关问题邀请 太真实了</p><p class=""ztext-empty-paragraph""><br/></p><p>但这个问题是第一个从物理角度看待上海垃圾分类的 提这个问题的人真的是物理学带师</p>",nobody,[],"{'reason': '', 'status': False, 'tip': '', 'title': '', 'unnormal_details': {'status': '', 'description': '', 'reason': '', 'reason_id': 0, 'note': ''}, 'url': ''}",{'upvoted_followees': []}
