,id,type,url,content,featured,collapsed,is_author,is_delete,created_time,resource_type,reviewing,allow_like,allow_delete,allow_reply,allow_vote,can_recommend,can_collapse,author,is_parent_author,vote_count,voting,disliked,reply_to_author
0,673529945,comment,https://www.zhihu.com/api/v4/comments/673529945,主要是体问本来处在长期的稳定态，是平衡的，近几个月剧烈波动，当然也不排除这种波动会自然地再恢复平衡。,False,False,False,False,1561247332,answer,False,True,False,True,True,False,False,"{'role': 'normal', 'member': {'id': 'd4a3df4993f18f1a005fdb004192145f', 'url_token': 'hong-wang-mai-ke-lu-yi', 'name': '王斩', 'avatar_url': 'https://pic3.zhimg.com/473de46228a1f122c4eeb55d449d8529_r.jpg', 'avatar_url_template': 'https://pic3.zhimg.com/473de46228a1f122c4eeb55d449d8529_{size}.jpg', 'is_org': False, 'type': 'people', 'url': 'https://www.zhihu.com/api/v4/people/d4a3df4993f18f1a005fdb004192145f', 'user_type': 'people', 'headline': '软拳头。', 'badge': [], 'gender': 1, 'is_advertiser': False}}",False,0,False,False,
1,673641843,comment,https://www.zhihu.com/api/v4/comments/673641843,<p>不不不，这种问题长期看都是波动的，如果形成所谓平衡，那就是下坡路开始了。一个有活力的总比一个瘫着不动的更具有前进机会。</p>,False,False,False,False,1561260000,answer,False,True,False,True,True,False,False,"{'role': 'author', 'member': {'id': 'f185f255db4a26c022c3055da865cba7', 'url_token': 'tyup2008', 'name': 'Lloyd Bannings', 'avatar_url': 'https://pic2.zhimg.com/v2-caff94cf1ada7878d6fcd16eea773d13_r.jpg', 'avatar_url_template': 'https://pic2.zhimg.com/v2-caff94cf1ada7878d6fcd16eea773d13_{size}.jpg', 'is_org': False, 'type': 'people', 'url': 'https://www.zhihu.com/api/v4/people/f185f255db4a26c022c3055da865cba7', 'user_type': 'people', 'headline': 'CG行业从业。', 'badge': [], 'gender': -1, 'is_advertiser': False}}",False,0,False,False,"{'role': 'normal', 'member': {'id': 'd4a3df4993f18f1a005fdb004192145f', 'url_token': 'hong-wang-mai-ke-lu-yi', 'name': '王斩', 'avatar_url': 'https://pic3.zhimg.com/473de46228a1f122c4eeb55d449d8529_r.jpg', 'avatar_url_template': 'https://pic3.zhimg.com/473de46228a1f122c4eeb55d449d8529_{size}.jpg', 'is_org': False, 'type': 'people', 'url': 'https://www.zhihu.com/api/v4/people/d4a3df4993f18f1a005fdb004192145f', 'user_type': 'people', 'headline': '软拳头。', 'badge': [], 'gender': 1, 'is_advertiser': False}}"
2,673681978,comment,https://www.zhihu.com/api/v4/comments/673681978,<p>您这话说的真正确，您对灭霸清理宇宙多余的人口这事怎么看？</p>,False,False,False,False,1561263832,answer,False,True,False,True,True,False,False,"{'role': 'normal', 'member': {'id': '1b24ec2a93c8718144a7be766292f2a5', 'url_token': 'jia-peng-50', 'name': '贾鹏', 'avatar_url': 'https://pic2.zhimg.com/def7881bf_r.jpg', 'avatar_url_template': 'https://pic2.zhimg.com/def7881bf_{size}.jpg', 'is_org': False, 'type': 'people', 'url': 'https://www.zhihu.com/api/v4/people/1b24ec2a93c8718144a7be766292f2a5', 'user_type': 'people', 'headline': '普通路人', 'badge': [], 'gender': 1, 'is_advertiser': False}}",False,1,False,False,
3,673682639,comment,https://www.zhihu.com/api/v4/comments/673682639,<p>谢谢，我和妮妮看法一致。</p>,False,False,False,False,1561263897,answer,False,True,False,True,True,False,False,"{'role': 'author', 'member': {'id': 'f185f255db4a26c022c3055da865cba7', 'url_token': 'tyup2008', 'name': 'Lloyd Bannings', 'avatar_url': 'https://pic2.zhimg.com/v2-caff94cf1ada7878d6fcd16eea773d13_r.jpg', 'avatar_url_template': 'https://pic2.zhimg.com/v2-caff94cf1ada7878d6fcd16eea773d13_{size}.jpg', 'is_org': False, 'type': 'people', 'url': 'https://www.zhihu.com/api/v4/people/f185f255db4a26c022c3055da865cba7', 'user_type': 'people', 'headline': 'CG行业从业。', 'badge': [], 'gender': -1, 'is_advertiser': False}}",False,0,False,False,"{'role': 'normal', 'member': {'id': '1b24ec2a93c8718144a7be766292f2a5', 'url_token': 'jia-peng-50', 'name': '贾鹏', 'avatar_url': 'https://pic2.zhimg.com/def7881bf_r.jpg', 'avatar_url_template': 'https://pic2.zhimg.com/def7881bf_{size}.jpg', 'is_org': False, 'type': 'people', 'url': 'https://www.zhihu.com/api/v4/people/1b24ec2a93c8718144a7be766292f2a5', 'user_type': 'people', 'headline': '普通路人', 'badge': [], 'gender': 1, 'is_advertiser': False}}"
4,673684652,comment,https://www.zhihu.com/api/v4/comments/673684652,<p>能否直白点啊，是支持还是不支持啊？妮妮又不在知乎，拉扯他没有意思啊。</p>,False,False,False,False,1561264076,answer,False,True,False,True,True,False,False,"{'role': 'normal', 'member': {'id': '1b24ec2a93c8718144a7be766292f2a5', 'url_token': 'jia-peng-50', 'name': '贾鹏', 'avatar_url': 'https://pic2.zhimg.com/def7881bf_r.jpg', 'avatar_url_template': 'https://pic2.zhimg.com/def7881bf_{size}.jpg', 'is_org': False, 'type': 'people', 'url': 'https://www.zhihu.com/api/v4/people/1b24ec2a93c8718144a7be766292f2a5', 'user_type': 'people', 'headline': '普通路人', 'badge': [], 'gender': 1, 'is_advertiser': False}}",False,0,False,False,"{'role': 'author', 'member': {'id': 'f185f255db4a26c022c3055da865cba7', 'url_token': 'tyup2008', 'name': 'Lloyd Bannings', 'avatar_url': 'https://pic2.zhimg.com/v2-caff94cf1ada7878d6fcd16eea773d13_r.jpg', 'avatar_url_template': 'https://pic2.zhimg.com/v2-caff94cf1ada7878d6fcd16eea773d13_{size}.jpg', 'is_org': False, 'type': 'people', 'url': 'https://www.zhihu.com/api/v4/people/f185f255db4a26c022c3055da865cba7', 'user_type': 'people', 'headline': 'CG行业从业。', 'badge': [], 'gender': -1, 'is_advertiser': False}}"
5,673689448,comment,https://www.zhihu.com/api/v4/comments/673689448,<p>不支持啊</p>,False,False,False,False,1561264507,answer,False,True,False,True,True,False,False,"{'role': 'author', 'member': {'id': 'f185f255db4a26c022c3055da865cba7', 'url_token': 'tyup2008', 'name': 'Lloyd Bannings', 'avatar_url': 'https://pic2.zhimg.com/v2-caff94cf1ada7878d6fcd16eea773d13_r.jpg', 'avatar_url_template': 'https://pic2.zhimg.com/v2-caff94cf1ada7878d6fcd16eea773d13_{size}.jpg', 'is_org': False, 'type': 'people', 'url': 'https://www.zhihu.com/api/v4/people/f185f255db4a26c022c3055da865cba7', 'user_type': 'people', 'headline': 'CG行业从业。', 'badge': [], 'gender': -1, 'is_advertiser': False}}",False,0,False,False,"{'role': 'normal', 'member': {'id': '1b24ec2a93c8718144a7be766292f2a5', 'url_token': 'jia-peng-50', 'name': '贾鹏', 'avatar_url': 'https://pic2.zhimg.com/def7881bf_r.jpg', 'avatar_url_template': 'https://pic2.zhimg.com/def7881bf_{size}.jpg', 'is_org': False, 'type': 'people', 'url': 'https://www.zhihu.com/api/v4/people/1b24ec2a93c8718144a7be766292f2a5', 'user_type': 'people', 'headline': '普通路人', 'badge': [], 'gender': 1, 'is_advertiser': False}}"
6,673693431,comment,https://www.zhihu.com/api/v4/comments/673693431,嗯，这就够了,False,False,False,False,1561264867,answer,False,True,False,True,True,False,False,"{'role': 'normal', 'member': {'id': '1b24ec2a93c8718144a7be766292f2a5', 'url_token': 'jia-peng-50', 'name': '贾鹏', 'avatar_url': 'https://pic2.zhimg.com/def7881bf_r.jpg', 'avatar_url_template': 'https://pic2.zhimg.com/def7881bf_{size}.jpg', 'is_org': False, 'type': 'people', 'url': 'https://www.zhihu.com/api/v4/people/1b24ec2a93c8718144a7be766292f2a5', 'user_type': 'people', 'headline': '普通路人', 'badge': [], 'gender': 1, 'is_advertiser': False}}",False,0,False,False,"{'role': 'author', 'member': {'id': 'f185f255db4a26c022c3055da865cba7', 'url_token': 'tyup2008', 'name': 'Lloyd Bannings', 'avatar_url': 'https://pic2.zhimg.com/v2-caff94cf1ada7878d6fcd16eea773d13_r.jpg', 'avatar_url_template': 'https://pic2.zhimg.com/v2-caff94cf1ada7878d6fcd16eea773d13_{size}.jpg', 'is_org': False, 'type': 'people', 'url': 'https://www.zhihu.com/api/v4/people/f185f255db4a26c022c3055da865cba7', 'user_type': 'people', 'headline': 'CG行业从业。', 'badge': [], 'gender': -1, 'is_advertiser': False}}"
7,673693795,comment,https://www.zhihu.com/api/v4/comments/673693795,<p>够啥？</p>,False,False,False,False,1561264901,answer,False,True,False,True,True,False,False,"{'role': 'author', 'member': {'id': 'f185f255db4a26c022c3055da865cba7', 'url_token': 'tyup2008', 'name': 'Lloyd Bannings', 'avatar_url': 'https://pic2.zhimg.com/v2-caff94cf1ada7878d6fcd16eea773d13_r.jpg', 'avatar_url_template': 'https://pic2.zhimg.com/v2-caff94cf1ada7878d6fcd16eea773d13_{size}.jpg', 'is_org': False, 'type': 'people', 'url': 'https://www.zhihu.com/api/v4/people/f185f255db4a26c022c3055da865cba7', 'user_type': 'people', 'headline': 'CG行业从业。', 'badge': [], 'gender': -1, 'is_advertiser': False}}",False,0,False,False,"{'role': 'normal', 'member': {'id': '1b24ec2a93c8718144a7be766292f2a5', 'url_token': 'jia-peng-50', 'name': '贾鹏', 'avatar_url': 'https://pic2.zhimg.com/def7881bf_r.jpg', 'avatar_url_template': 'https://pic2.zhimg.com/def7881bf_{size}.jpg', 'is_org': False, 'type': 'people', 'url': 'https://www.zhihu.com/api/v4/people/1b24ec2a93c8718144a7be766292f2a5', 'user_type': 'people', 'headline': '普通路人', 'badge': [], 'gender': 1, 'is_advertiser': False}}"
8,673696957,comment,https://www.zhihu.com/api/v4/comments/673696957,足够看出对同一性质的两件事发表出不同意见的矛盾立场了。,False,False,False,False,1561265200,answer,False,True,False,True,True,False,False,"{'role': 'normal', 'member': {'id': '1b24ec2a93c8718144a7be766292f2a5', 'url_token': 'jia-peng-50', 'name': '贾鹏', 'avatar_url': 'https://pic2.zhimg.com/def7881bf_r.jpg', 'avatar_url_template': 'https://pic2.zhimg.com/def7881bf_{size}.jpg', 'is_org': False, 'type': 'people', 'url': 'https://www.zhihu.com/api/v4/people/1b24ec2a93c8718144a7be766292f2a5', 'user_type': 'people', 'headline': '普通路人', 'badge': [], 'gender': 1, 'is_advertiser': False}}",False,0,False,False,"{'role': 'author', 'member': {'id': 'f185f255db4a26c022c3055da865cba7', 'url_token': 'tyup2008', 'name': 'Lloyd Bannings', 'avatar_url': 'https://pic2.zhimg.com/v2-caff94cf1ada7878d6fcd16eea773d13_r.jpg', 'avatar_url_template': 'https://pic2.zhimg.com/v2-caff94cf1ada7878d6fcd16eea773d13_{size}.jpg', 'is_org': False, 'type': 'people', 'url': 'https://www.zhihu.com/api/v4/people/f185f255db4a26c022c3055da865cba7', 'user_type': 'people', 'headline': 'CG行业从业。', 'badge': [], 'gender': -1, 'is_advertiser': False}}"
9,673701259,comment,https://www.zhihu.com/api/v4/comments/673701259,<p>？你是指上海一半人是垃圾，需要缺个响指？</p>,False,False,False,False,1561265608,answer,False,True,False,True,True,False,False,"{'role': 'author', 'member': {'id': 'f185f255db4a26c022c3055da865cba7', 'url_token': 'tyup2008', 'name': 'Lloyd Bannings', 'avatar_url': 'https://pic2.zhimg.com/v2-caff94cf1ada7878d6fcd16eea773d13_r.jpg', 'avatar_url_template': 'https://pic2.zhimg.com/v2-caff94cf1ada7878d6fcd16eea773d13_{size}.jpg', 'is_org': False, 'type': 'people', 'url': 'https://www.zhihu.com/api/v4/people/f185f255db4a26c022c3055da865cba7', 'user_type': 'people', 'headline': 'CG行业从业。', 'badge': [], 'gender': -1, 'is_advertiser': False}}",False,0,False,False,"{'role': 'normal', 'member': {'id': '1b24ec2a93c8718144a7be766292f2a5', 'url_token': 'jia-peng-50', 'name': '贾鹏', 'avatar_url': 'https://pic2.zhimg.com/def7881bf_r.jpg', 'avatar_url_template': 'https://pic2.zhimg.com/def7881bf_{size}.jpg', 'is_org': False, 'type': 'people', 'url': 'https://www.zhihu.com/api/v4/people/1b24ec2a93c8718144a7be766292f2a5', 'user_type': 'people', 'headline': '普通路人', 'badge': [], 'gender': 1, 'is_advertiser': False}}"
10,673704221,comment,https://www.zhihu.com/api/v4/comments/673704221,谢谢，请不要歪曲我的意思。<br>我的意思是指，这两个事情，不都是“所谓目标是好的但方法比较粗暴，你们忍耐一下适应适应就过去了。”的典范吗。<br>额，既然你能说出上海的一半人是垃圾这种联想，我也就不知道你是不是这么想的了，反正我是没有那么魔幻的想象力,False,False,False,False,1561265881,answer,False,True,False,True,True,False,False,"{'role': 'normal', 'member': {'id': '1b24ec2a93c8718144a7be766292f2a5', 'url_token': 'jia-peng-50', 'name': '贾鹏', 'avatar_url': 'https://pic2.zhimg.com/def7881bf_r.jpg', 'avatar_url_template': 'https://pic2.zhimg.com/def7881bf_{size}.jpg', 'is_org': False, 'type': 'people', 'url': 'https://www.zhihu.com/api/v4/people/1b24ec2a93c8718144a7be766292f2a5', 'user_type': 'people', 'headline': '普通路人', 'badge': [], 'gender': 1, 'is_advertiser': False}}",False,1,False,False,"{'role': 'author', 'member': {'id': 'f185f255db4a26c022c3055da865cba7', 'url_token': 'tyup2008', 'name': 'Lloyd Bannings', 'avatar_url': 'https://pic2.zhimg.com/v2-caff94cf1ada7878d6fcd16eea773d13_r.jpg', 'avatar_url_template': 'https://pic2.zhimg.com/v2-caff94cf1ada7878d6fcd16eea773d13_{size}.jpg', 'is_org': False, 'type': 'people', 'url': 'https://www.zhihu.com/api/v4/people/f185f255db4a26c022c3055da865cba7', 'user_type': 'people', 'headline': 'CG行业从业。', 'badge': [], 'gender': -1, 'is_advertiser': False}}"
11,673706043,comment,https://www.zhihu.com/api/v4/comments/673706043,<p>不啊，灭霸这个响指，如果是好事需要支持，是你的观点吗？那你的观点不就是被打掉的一半人应该消失。</p><p>如果我觉得这不是好事，那我支持妮妮又错哪了？你这云山雾绕的举个奇怪例子，用一件坏事去对比一件好事是什么意思？</p>,False,False,False,False,1561266043,answer,False,True,False,True,True,False,False,"{'role': 'author', 'member': {'id': 'f185f255db4a26c022c3055da865cba7', 'url_token': 'tyup2008', 'name': 'Lloyd Bannings', 'avatar_url': 'https://pic2.zhimg.com/v2-caff94cf1ada7878d6fcd16eea773d13_r.jpg', 'avatar_url_template': 'https://pic2.zhimg.com/v2-caff94cf1ada7878d6fcd16eea773d13_{size}.jpg', 'is_org': False, 'type': 'people', 'url': 'https://www.zhihu.com/api/v4/people/f185f255db4a26c022c3055da865cba7', 'user_type': 'people', 'headline': 'CG行业从业。', 'badge': [], 'gender': -1, 'is_advertiser': False}}",False,0,False,False,"{'role': 'normal', 'member': {'id': '1b24ec2a93c8718144a7be766292f2a5', 'url_token': 'jia-peng-50', 'name': '贾鹏', 'avatar_url': 'https://pic2.zhimg.com/def7881bf_r.jpg', 'avatar_url_template': 'https://pic2.zhimg.com/def7881bf_{size}.jpg', 'is_org': False, 'type': 'people', 'url': 'https://www.zhihu.com/api/v4/people/1b24ec2a93c8718144a7be766292f2a5', 'user_type': 'people', 'headline': '普通路人', 'badge': [], 'gender': 1, 'is_advertiser': False}}"
12,673707627,comment,https://www.zhihu.com/api/v4/comments/673707627,<p>用坏事去证明好事不对？？你思维好猎奇哦</p>,False,False,False,False,1561266187,answer,False,True,False,True,True,False,False,"{'role': 'author', 'member': {'id': 'f185f255db4a26c022c3055da865cba7', 'url_token': 'tyup2008', 'name': 'Lloyd Bannings', 'avatar_url': 'https://pic2.zhimg.com/v2-caff94cf1ada7878d6fcd16eea773d13_r.jpg', 'avatar_url_template': 'https://pic2.zhimg.com/v2-caff94cf1ada7878d6fcd16eea773d13_{size}.jpg', 'is_org': False, 'type': 'people', 'url': 'https://www.zhihu.com/api/v4/people/f185f255db4a26c022c3055da865cba7', 'user_type': 'people', 'headline': 'CG行业从业。', 'badge': [], 'gender': -1, 'is_advertiser': False}}",False,0,False,False,"{'role': 'normal', 'member': {'id': '1b24ec2a93c8718144a7be766292f2a5', 'url_token': 'jia-peng-50', 'name': '贾鹏', 'avatar_url': 'https://pic2.zhimg.com/def7881bf_r.jpg', 'avatar_url_template': 'https://pic2.zhimg.com/def7881bf_{size}.jpg', 'is_org': False, 'type': 'people', 'url': 'https://www.zhihu.com/api/v4/people/1b24ec2a93c8718144a7be766292f2a5', 'user_type': 'people', 'headline': '普通路人', 'badge': [], 'gender': 1, 'is_advertiser': False}}"
13,673708103,comment,https://www.zhihu.com/api/v4/comments/673708103,<p>我好害怕你会把近代史上那么多次大屠杀搬出来证明我错了</p>,False,False,False,False,1561266229,answer,False,True,False,True,True,False,False,"{'role': 'author', 'member': {'id': 'f185f255db4a26c022c3055da865cba7', 'url_token': 'tyup2008', 'name': 'Lloyd Bannings', 'avatar_url': 'https://pic2.zhimg.com/v2-caff94cf1ada7878d6fcd16eea773d13_r.jpg', 'avatar_url_template': 'https://pic2.zhimg.com/v2-caff94cf1ada7878d6fcd16eea773d13_{size}.jpg', 'is_org': False, 'type': 'people', 'url': 'https://www.zhihu.com/api/v4/people/f185f255db4a26c022c3055da865cba7', 'user_type': 'people', 'headline': 'CG行业从业。', 'badge': [], 'gender': -1, 'is_advertiser': False}}",False,0,False,False,"{'role': 'normal', 'member': {'id': '1b24ec2a93c8718144a7be766292f2a5', 'url_token': 'jia-peng-50', 'name': '贾鹏', 'avatar_url': 'https://pic2.zhimg.com/def7881bf_r.jpg', 'avatar_url_template': 'https://pic2.zhimg.com/def7881bf_{size}.jpg', 'is_org': False, 'type': 'people', 'url': 'https://www.zhihu.com/api/v4/people/1b24ec2a93c8718144a7be766292f2a5', 'user_type': 'people', 'headline': '普通路人', 'badge': [], 'gender': 1, 'is_advertiser': False}}"
14,673713601,comment,https://www.zhihu.com/api/v4/comments/673713601,我也不支持灭霸的响指啊，但灭霸打响指的理由不是减少宇宙多余人口使剩余的人口和资源更匹配么？从这个结果的角度来看，不是好事吗？（不考虑实现过程的话）<br>所以，你回答里说的第一句话，不也是这个意思吗？如果这个事情做成了，不是好事吗？你看，其实灭霸也做成了的，只不过观众们不领情罢了。<br>另外，单从结果来说的话，灯塔国对印第安人的猎头皮行动也是个好事呢，没有这个行动，那文明的发展要多等多少年啊（喏，大屠杀来了，你真的怕吗？）,False,False,False,False,1561266741,answer,False,True,False,True,True,False,False,"{'role': 'normal', 'member': {'id': '1b24ec2a93c8718144a7be766292f2a5', 'url_token': 'jia-peng-50', 'name': '贾鹏', 'avatar_url': 'https://pic2.zhimg.com/def7881bf_r.jpg', 'avatar_url_template': 'https://pic2.zhimg.com/def7881bf_{size}.jpg', 'is_org': False, 'type': 'people', 'url': 'https://www.zhihu.com/api/v4/people/1b24ec2a93c8718144a7be766292f2a5', 'user_type': 'people', 'headline': '普通路人', 'badge': [], 'gender': 1, 'is_advertiser': False}}",False,2,False,False,"{'role': 'author', 'member': {'id': 'f185f255db4a26c022c3055da865cba7', 'url_token': 'tyup2008', 'name': 'Lloyd Bannings', 'avatar_url': 'https://pic2.zhimg.com/v2-caff94cf1ada7878d6fcd16eea773d13_r.jpg', 'avatar_url_template': 'https://pic2.zhimg.com/v2-caff94cf1ada7878d6fcd16eea773d13_{size}.jpg', 'is_org': False, 'type': 'people', 'url': 'https://www.zhihu.com/api/v4/people/f185f255db4a26c022c3055da865cba7', 'user_type': 'people', 'headline': 'CG行业从业。', 'badge': [], 'gender': -1, 'is_advertiser': False}}"
15,673718156,comment,https://www.zhihu.com/api/v4/comments/673718156,<p>妈耶，让你整理下垃圾桶你都能和大屠杀联系起来？那你说蒋校长要炸花园口，你支持吗？</p>,False,False,False,False,1561267168,answer,False,True,False,True,True,False,False,"{'role': 'author', 'member': {'id': 'f185f255db4a26c022c3055da865cba7', 'url_token': 'tyup2008', 'name': 'Lloyd Bannings', 'avatar_url': 'https://pic2.zhimg.com/v2-caff94cf1ada7878d6fcd16eea773d13_r.jpg', 'avatar_url_template': 'https://pic2.zhimg.com/v2-caff94cf1ada7878d6fcd16eea773d13_{size}.jpg', 'is_org': False, 'type': 'people', 'url': 'https://www.zhihu.com/api/v4/people/f185f255db4a26c022c3055da865cba7', 'user_type': 'people', 'headline': 'CG行业从业。', 'badge': [], 'gender': -1, 'is_advertiser': False}}",False,0,False,False,"{'role': 'normal', 'member': {'id': '1b24ec2a93c8718144a7be766292f2a5', 'url_token': 'jia-peng-50', 'name': '贾鹏', 'avatar_url': 'https://pic2.zhimg.com/def7881bf_r.jpg', 'avatar_url_template': 'https://pic2.zhimg.com/def7881bf_{size}.jpg', 'is_org': False, 'type': 'people', 'url': 'https://www.zhihu.com/api/v4/people/1b24ec2a93c8718144a7be766292f2a5', 'user_type': 'people', 'headline': '普通路人', 'badge': [], 'gender': 1, 'is_advertiser': False}}"
16,673722162,comment,https://www.zhihu.com/api/v4/comments/673722162,<p>我本来就拿个电影的例子来对比嘛，是你硬要提起大屠杀的，我就配合你一下。</p><p>问题的核心难道不是这个事情这么做对不对吗？我前面说的很清楚了啊，只是你的立场比较飘忽，让人吃不透逻辑罢了。</p><p>PS：我不支持，从各种历（zhi）史（hu）文（si）献（bi）可以看出，常先生不管炸不炸花园口，日军都无力/无利益在该时间段继续追击，且随着战争继续，日本的经济崩盘，战败已不可避免。所以我不支持，谢谢。</p><p>再PS：你支持灯塔国猎头皮运动吗？</p>,False,False,False,False,1561267535,answer,False,True,False,True,True,False,False,"{'role': 'normal', 'member': {'id': '1b24ec2a93c8718144a7be766292f2a5', 'url_token': 'jia-peng-50', 'name': '贾鹏', 'avatar_url': 'https://pic2.zhimg.com/def7881bf_r.jpg', 'avatar_url_template': 'https://pic2.zhimg.com/def7881bf_{size}.jpg', 'is_org': False, 'type': 'people', 'url': 'https://www.zhihu.com/api/v4/people/1b24ec2a93c8718144a7be766292f2a5', 'user_type': 'people', 'headline': '普通路人', 'badge': [], 'gender': 1, 'is_advertiser': False}}",False,2,False,False,"{'role': 'author', 'member': {'id': 'f185f255db4a26c022c3055da865cba7', 'url_token': 'tyup2008', 'name': 'Lloyd Bannings', 'avatar_url': 'https://pic2.zhimg.com/v2-caff94cf1ada7878d6fcd16eea773d13_r.jpg', 'avatar_url_template': 'https://pic2.zhimg.com/v2-caff94cf1ada7878d6fcd16eea773d13_{size}.jpg', 'is_org': False, 'type': 'people', 'url': 'https://www.zhihu.com/api/v4/people/f185f255db4a26c022c3055da865cba7', 'user_type': 'people', 'headline': 'CG行业从业。', 'badge': [], 'gender': -1, 'is_advertiser': False}}"
17,673723881,comment,https://www.zhihu.com/api/v4/comments/673723881,<p>哦？上帝，你又看到事情的结果了？你比蒋校长看的长远啊，这么有长远目光，你会有一番作为的，蒋校长能登上时代杂志封面，你也可以的。</p>,False,False,False,False,1561267696,answer,False,True,False,True,True,False,False,"{'role': 'author', 'member': {'id': 'f185f255db4a26c022c3055da865cba7', 'url_token': 'tyup2008', 'name': 'Lloyd Bannings', 'avatar_url': 'https://pic2.zhimg.com/v2-caff94cf1ada7878d6fcd16eea773d13_r.jpg', 'avatar_url_template': 'https://pic2.zhimg.com/v2-caff94cf1ada7878d6fcd16eea773d13_{size}.jpg', 'is_org': False, 'type': 'people', 'url': 'https://www.zhihu.com/api/v4/people/f185f255db4a26c022c3055da865cba7', 'user_type': 'people', 'headline': 'CG行业从业。', 'badge': [], 'gender': -1, 'is_advertiser': False}}",False,0,False,False,"{'role': 'normal', 'member': {'id': '1b24ec2a93c8718144a7be766292f2a5', 'url_token': 'jia-peng-50', 'name': '贾鹏', 'avatar_url': 'https://pic2.zhimg.com/def7881bf_r.jpg', 'avatar_url_template': 'https://pic2.zhimg.com/def7881bf_{size}.jpg', 'is_org': False, 'type': 'people', 'url': 'https://www.zhihu.com/api/v4/people/1b24ec2a93c8718144a7be766292f2a5', 'user_type': 'people', 'headline': '普通路人', 'badge': [], 'gender': 1, 'is_advertiser': False}}"
18,673725233,comment,https://www.zhihu.com/api/v4/comments/673725233,<p>你要在蒋校长身边当场反对，你已经被枪毙三回了。。。校长会把你记在小本本上，误国这个帽子是逃不掉了。</p>,False,False,False,False,1561267824,answer,False,True,False,True,True,False,False,"{'role': 'author', 'member': {'id': 'f185f255db4a26c022c3055da865cba7', 'url_token': 'tyup2008', 'name': 'Lloyd Bannings', 'avatar_url': 'https://pic2.zhimg.com/v2-caff94cf1ada7878d6fcd16eea773d13_r.jpg', 'avatar_url_template': 'https://pic2.zhimg.com/v2-caff94cf1ada7878d6fcd16eea773d13_{size}.jpg', 'is_org': False, 'type': 'people', 'url': 'https://www.zhihu.com/api/v4/people/f185f255db4a26c022c3055da865cba7', 'user_type': 'people', 'headline': 'CG行业从业。', 'badge': [], 'gender': -1, 'is_advertiser': False}}",False,0,False,False,"{'role': 'normal', 'member': {'id': '1b24ec2a93c8718144a7be766292f2a5', 'url_token': 'jia-peng-50', 'name': '贾鹏', 'avatar_url': 'https://pic2.zhimg.com/def7881bf_r.jpg', 'avatar_url_template': 'https://pic2.zhimg.com/def7881bf_{size}.jpg', 'is_org': False, 'type': 'people', 'url': 'https://www.zhihu.com/api/v4/people/1b24ec2a93c8718144a7be766292f2a5', 'user_type': 'people', 'headline': '普通路人', 'badge': [], 'gender': 1, 'is_advertiser': False}}"
19,673726357,comment,https://www.zhihu.com/api/v4/comments/673726357,<p>蒋校长：你居然反对阻止日军侵略的计划？，警卫员，给我拖出去严刑拷打</p>,False,False,False,False,1561267932,answer,False,True,False,True,True,False,False,"{'role': 'author', 'member': {'id': 'f185f255db4a26c022c3055da865cba7', 'url_token': 'tyup2008', 'name': 'Lloyd Bannings', 'avatar_url': 'https://pic2.zhimg.com/v2-caff94cf1ada7878d6fcd16eea773d13_r.jpg', 'avatar_url_template': 'https://pic2.zhimg.com/v2-caff94cf1ada7878d6fcd16eea773d13_{size}.jpg', 'is_org': False, 'type': 'people', 'url': 'https://www.zhihu.com/api/v4/people/f185f255db4a26c022c3055da865cba7', 'user_type': 'people', 'headline': 'CG行业从业。', 'badge': [], 'gender': -1, 'is_advertiser': False}}",False,0,False,False,"{'role': 'normal', 'member': {'id': '1b24ec2a93c8718144a7be766292f2a5', 'url_token': 'jia-peng-50', 'name': '贾鹏', 'avatar_url': 'https://pic2.zhimg.com/def7881bf_r.jpg', 'avatar_url_template': 'https://pic2.zhimg.com/def7881bf_{size}.jpg', 'is_org': False, 'type': 'people', 'url': 'https://www.zhihu.com/api/v4/people/1b24ec2a93c8718144a7be766292f2a5', 'user_type': 'people', 'headline': '普通路人', 'badge': [], 'gender': 1, 'is_advertiser': False}}"
0,673727374,comment,https://www.zhihu.com/api/v4/comments/673727374,<p>不要扯开话题啊亲，常先生炸花园口的是与非（在知乎）已有定论，如果你不知道的话，可以用“常凯申”“花园口”等关键词在知乎进行搜索，高票答案就是啦。</p><p>额，莫非你是支持常先生的？其实我觉得你还不如支持猎头皮运动呢，至少这个确实是不干就不能更好地发展灯塔国经济呢。</p>,False,False,False,False,1561268031,answer,False,True,False,True,True,False,False,"{'role': 'normal', 'member': {'id': '1b24ec2a93c8718144a7be766292f2a5', 'url_token': 'jia-peng-50', 'name': '贾鹏', 'avatar_url': 'https://pic2.zhimg.com/def7881bf_r.jpg', 'avatar_url_template': 'https://pic2.zhimg.com/def7881bf_{size}.jpg', 'is_org': False, 'type': 'people', 'url': 'https://www.zhihu.com/api/v4/people/1b24ec2a93c8718144a7be766292f2a5', 'user_type': 'people', 'headline': '普通路人', 'badge': [], 'gender': 1, 'is_advertiser': False}}",False,2,"{'role': 'author', 'member': {'id': 'f185f255db4a26c022c3055da865cba7', 'url_token': 'tyup2008', 'name': 'Lloyd Bannings', 'avatar_url': 'https://pic2.zhimg.com/v2-caff94cf1ada7878d6fcd16eea773d13_r.jpg', 'avatar_url_template': 'https://pic2.zhimg.com/v2-caff94cf1ada7878d6fcd16eea773d13_{size}.jpg', 'is_org': False, 'type': 'people', 'url': 'https://www.zhihu.com/api/v4/people/f185f255db4a26c022c3055da865cba7', 'user_type': 'people', 'headline': 'CG行业从业。', 'badge': [], 'gender': -1, 'is_advertiser': False}}",False,False
1,673727881,comment,https://www.zhihu.com/api/v4/comments/673727881,<p>没扯开话题啊，你能提灭霸，我就不能提凯申物流的老板往事了吗？</p>,False,False,False,False,1561268083,answer,False,True,False,True,True,False,False,"{'role': 'author', 'member': {'id': 'f185f255db4a26c022c3055da865cba7', 'url_token': 'tyup2008', 'name': 'Lloyd Bannings', 'avatar_url': 'https://pic2.zhimg.com/v2-caff94cf1ada7878d6fcd16eea773d13_r.jpg', 'avatar_url_template': 'https://pic2.zhimg.com/v2-caff94cf1ada7878d6fcd16eea773d13_{size}.jpg', 'is_org': False, 'type': 'people', 'url': 'https://www.zhihu.com/api/v4/people/f185f255db4a26c022c3055da865cba7', 'user_type': 'people', 'headline': 'CG行业从业。', 'badge': [], 'gender': -1, 'is_advertiser': False}}",False,0,"{'role': 'normal', 'member': {'id': '1b24ec2a93c8718144a7be766292f2a5', 'url_token': 'jia-peng-50', 'name': '贾鹏', 'avatar_url': 'https://pic2.zhimg.com/def7881bf_r.jpg', 'avatar_url_template': 'https://pic2.zhimg.com/def7881bf_{size}.jpg', 'is_org': False, 'type': 'people', 'url': 'https://www.zhihu.com/api/v4/people/1b24ec2a93c8718144a7be766292f2a5', 'user_type': 'people', 'headline': '普通路人', 'badge': [], 'gender': 1, 'is_advertiser': False}}",False,False
2,673728869,comment,https://www.zhihu.com/api/v4/comments/673728869,<p>我提来是佐证论点啊，至少句句不离题义啊。你提的怎么跟讲评书似的，让人摸不清你想表达神马啊</p>,False,False,False,False,1561268178,answer,False,True,False,True,True,False,False,"{'role': 'normal', 'member': {'id': '1b24ec2a93c8718144a7be766292f2a5', 'url_token': 'jia-peng-50', 'name': '贾鹏', 'avatar_url': 'https://pic2.zhimg.com/def7881bf_r.jpg', 'avatar_url_template': 'https://pic2.zhimg.com/def7881bf_{size}.jpg', 'is_org': False, 'type': 'people', 'url': 'https://www.zhihu.com/api/v4/people/1b24ec2a93c8718144a7be766292f2a5', 'user_type': 'people', 'headline': '普通路人', 'badge': [], 'gender': 1, 'is_advertiser': False}}",False,1,"{'role': 'author', 'member': {'id': 'f185f255db4a26c022c3055da865cba7', 'url_token': 'tyup2008', 'name': 'Lloyd Bannings', 'avatar_url': 'https://pic2.zhimg.com/v2-caff94cf1ada7878d6fcd16eea773d13_r.jpg', 'avatar_url_template': 'https://pic2.zhimg.com/v2-caff94cf1ada7878d6fcd16eea773d13_{size}.jpg', 'is_org': False, 'type': 'people', 'url': 'https://www.zhihu.com/api/v4/people/f185f255db4a26c022c3055da865cba7', 'user_type': 'people', 'headline': 'CG行业从业。', 'badge': [], 'gender': -1, 'is_advertiser': False}}",False,False
3,673729261,comment,https://www.zhihu.com/api/v4/comments/673729261,<p>蒋校长：“没想到，你居然支持放弃抵抗鬼子侵略？”</p>,False,False,False,False,1561268218,answer,False,True,False,True,True,False,False,"{'role': 'author', 'member': {'id': 'f185f255db4a26c022c3055da865cba7', 'url_token': 'tyup2008', 'name': 'Lloyd Bannings', 'avatar_url': 'https://pic2.zhimg.com/v2-caff94cf1ada7878d6fcd16eea773d13_r.jpg', 'avatar_url_template': 'https://pic2.zhimg.com/v2-caff94cf1ada7878d6fcd16eea773d13_{size}.jpg', 'is_org': False, 'type': 'people', 'url': 'https://www.zhihu.com/api/v4/people/f185f255db4a26c022c3055da865cba7', 'user_type': 'people', 'headline': 'CG行业从业。', 'badge': [], 'gender': -1, 'is_advertiser': False}}",False,0,"{'role': 'normal', 'member': {'id': '1b24ec2a93c8718144a7be766292f2a5', 'url_token': 'jia-peng-50', 'name': '贾鹏', 'avatar_url': 'https://pic2.zhimg.com/def7881bf_r.jpg', 'avatar_url_template': 'https://pic2.zhimg.com/def7881bf_{size}.jpg', 'is_org': False, 'type': 'people', 'url': 'https://www.zhihu.com/api/v4/people/1b24ec2a93c8718144a7be766292f2a5', 'user_type': 'people', 'headline': '普通路人', 'badge': [], 'gender': 1, 'is_advertiser': False}}",False,False
4,673731221,comment,https://www.zhihu.com/api/v4/comments/673731221,<p>妈耶，上来第一句就是你支持灭霸打响指吗，这叫什么作证观点？你们那都流行这么拐弯抹角提出观点的？我也没离开题意啊，从蒋公角度出发，炸花园口是他为了阻止日本侵华的手段啊，他要不计代价的拖住日本，赢得时间，等待国际社会援助啊。</p>,False,False,False,False,1561268411,answer,False,True,False,True,True,False,False,"{'role': 'author', 'member': {'id': 'f185f255db4a26c022c3055da865cba7', 'url_token': 'tyup2008', 'name': 'Lloyd Bannings', 'avatar_url': 'https://pic2.zhimg.com/v2-caff94cf1ada7878d6fcd16eea773d13_r.jpg', 'avatar_url_template': 'https://pic2.zhimg.com/v2-caff94cf1ada7878d6fcd16eea773d13_{size}.jpg', 'is_org': False, 'type': 'people', 'url': 'https://www.zhihu.com/api/v4/people/f185f255db4a26c022c3055da865cba7', 'user_type': 'people', 'headline': 'CG行业从业。', 'badge': [], 'gender': -1, 'is_advertiser': False}}",False,0,"{'role': 'normal', 'member': {'id': '1b24ec2a93c8718144a7be766292f2a5', 'url_token': 'jia-peng-50', 'name': '贾鹏', 'avatar_url': 'https://pic2.zhimg.com/def7881bf_r.jpg', 'avatar_url_template': 'https://pic2.zhimg.com/def7881bf_{size}.jpg', 'is_org': False, 'type': 'people', 'url': 'https://www.zhihu.com/api/v4/people/1b24ec2a93c8718144a7be766292f2a5', 'user_type': 'people', 'headline': '普通路人', 'badge': [], 'gender': 1, 'is_advertiser': False}}",False,False
5,673731753,comment,https://www.zhihu.com/api/v4/comments/673731753,<p>炸不炸花园口和灭霸打不打响指不是一回事么？</p>,False,False,False,False,1561268461,answer,False,True,False,True,True,False,False,"{'role': 'author', 'member': {'id': 'f185f255db4a26c022c3055da865cba7', 'url_token': 'tyup2008', 'name': 'Lloyd Bannings', 'avatar_url': 'https://pic2.zhimg.com/v2-caff94cf1ada7878d6fcd16eea773d13_r.jpg', 'avatar_url_template': 'https://pic2.zhimg.com/v2-caff94cf1ada7878d6fcd16eea773d13_{size}.jpg', 'is_org': False, 'type': 'people', 'url': 'https://www.zhihu.com/api/v4/people/f185f255db4a26c022c3055da865cba7', 'user_type': 'people', 'headline': 'CG行业从业。', 'badge': [], 'gender': -1, 'is_advertiser': False}}",False,0,"{'role': 'normal', 'member': {'id': '1b24ec2a93c8718144a7be766292f2a5', 'url_token': 'jia-peng-50', 'name': '贾鹏', 'avatar_url': 'https://pic2.zhimg.com/def7881bf_r.jpg', 'avatar_url_template': 'https://pic2.zhimg.com/def7881bf_{size}.jpg', 'is_org': False, 'type': 'people', 'url': 'https://www.zhihu.com/api/v4/people/1b24ec2a93c8718144a7be766292f2a5', 'user_type': 'people', 'headline': '普通路人', 'badge': [], 'gender': 1, 'is_advertiser': False}}",False,False
6,673732535,comment,https://www.zhihu.com/api/v4/comments/673732535,"<p>常先生请看链接，字多不打</p><p>你知道的最无耻（无知）的文人及其事迹是什么？ - 言不可弥的回答 - 知乎<br><a href=""https://www.zhihu.com/question/37619723/answer/181208490"" class=""internal""><span class=""invisible"">https://www.</span><span class=""visible"">zhihu.com/question/3761</span><span class=""invisible"">9723/answer/181208490</span><span class=""ellipsis""></span></a></p>",False,False,False,False,1561268535,answer,False,True,False,True,True,False,False,"{'role': 'normal', 'member': {'id': '1b24ec2a93c8718144a7be766292f2a5', 'url_token': 'jia-peng-50', 'name': '贾鹏', 'avatar_url': 'https://pic2.zhimg.com/def7881bf_r.jpg', 'avatar_url_template': 'https://pic2.zhimg.com/def7881bf_{size}.jpg', 'is_org': False, 'type': 'people', 'url': 'https://www.zhihu.com/api/v4/people/1b24ec2a93c8718144a7be766292f2a5', 'user_type': 'people', 'headline': '普通路人', 'badge': [], 'gender': 1, 'is_advertiser': False}}",False,0,"{'role': 'author', 'member': {'id': 'f185f255db4a26c022c3055da865cba7', 'url_token': 'tyup2008', 'name': 'Lloyd Bannings', 'avatar_url': 'https://pic2.zhimg.com/v2-caff94cf1ada7878d6fcd16eea773d13_r.jpg', 'avatar_url_template': 'https://pic2.zhimg.com/v2-caff94cf1ada7878d6fcd16eea773d13_{size}.jpg', 'is_org': False, 'type': 'people', 'url': 'https://www.zhihu.com/api/v4/people/f185f255db4a26c022c3055da865cba7', 'user_type': 'people', 'headline': 'CG行业从业。', 'badge': [], 'gender': -1, 'is_advertiser': False}}",False,False
7,673735514,comment,https://www.zhihu.com/api/v4/comments/673735514,<p>后世分析，都说是上帝视角，蒋公他的情报都靠下面报上来，下面告诉他，日本人没多久就会推到重庆，那他就要尽一切力量去阻止，而你，站在他边上，拍着桌子和他说，不能炸啊，设想下那个画面，对校长来说，你不就是敌人那派来的？居然反对我阻止日军？就算要平反你，那也是战争结束后了。</p>,False,False,False,False,1561268833,answer,False,True,False,True,True,False,False,"{'role': 'author', 'member': {'id': 'f185f255db4a26c022c3055da865cba7', 'url_token': 'tyup2008', 'name': 'Lloyd Bannings', 'avatar_url': 'https://pic2.zhimg.com/v2-caff94cf1ada7878d6fcd16eea773d13_r.jpg', 'avatar_url_template': 'https://pic2.zhimg.com/v2-caff94cf1ada7878d6fcd16eea773d13_{size}.jpg', 'is_org': False, 'type': 'people', 'url': 'https://www.zhihu.com/api/v4/people/f185f255db4a26c022c3055da865cba7', 'user_type': 'people', 'headline': 'CG行业从业。', 'badge': [], 'gender': -1, 'is_advertiser': False}}",False,0,"{'role': 'normal', 'member': {'id': '1b24ec2a93c8718144a7be766292f2a5', 'url_token': 'jia-peng-50', 'name': '贾鹏', 'avatar_url': 'https://pic2.zhimg.com/def7881bf_r.jpg', 'avatar_url_template': 'https://pic2.zhimg.com/def7881bf_{size}.jpg', 'is_org': False, 'type': 'people', 'url': 'https://www.zhihu.com/api/v4/people/1b24ec2a93c8718144a7be766292f2a5', 'user_type': 'people', 'headline': '普通路人', 'badge': [], 'gender': 1, 'is_advertiser': False}}",False,False
8,673738464,comment,https://www.zhihu.com/api/v4/comments/673738464,<p>链接看了没啊？</p><p>灭霸不打响指，就不会死一半人，多么清晰明了的因果关系。</p><p>常工炸与不炸花园口，都和日军当时的侵略进军影响不大。</p><p>这两个能是一回事吗？</p><p>所以啊，找论据还是要从文学侧神话侧或者武侠侧去找，至少因果关系结构简单，拿出来能说服人。就比如我们可以轻易的论证出丘处机路过牛家村的功与过，但很难说清楚赵构这个人对于宋王朝的功过（各种现实因素太复杂了）</p><p>回到这个问题本身，如果硬要理解你把常公拉出来的蕴意的话，那我只能规劝小兄弟一句，恶意的ZZYY要不得啊。</p>,False,False,False,False,1561269130,answer,False,True,False,True,True,False,False,"{'role': 'normal', 'member': {'id': '1b24ec2a93c8718144a7be766292f2a5', 'url_token': 'jia-peng-50', 'name': '贾鹏', 'avatar_url': 'https://pic2.zhimg.com/def7881bf_r.jpg', 'avatar_url_template': 'https://pic2.zhimg.com/def7881bf_{size}.jpg', 'is_org': False, 'type': 'people', 'url': 'https://www.zhihu.com/api/v4/people/1b24ec2a93c8718144a7be766292f2a5', 'user_type': 'people', 'headline': '普通路人', 'badge': [], 'gender': 1, 'is_advertiser': False}}",False,0,"{'role': 'author', 'member': {'id': 'f185f255db4a26c022c3055da865cba7', 'url_token': 'tyup2008', 'name': 'Lloyd Bannings', 'avatar_url': 'https://pic2.zhimg.com/v2-caff94cf1ada7878d6fcd16eea773d13_r.jpg', 'avatar_url_template': 'https://pic2.zhimg.com/v2-caff94cf1ada7878d6fcd16eea773d13_{size}.jpg', 'is_org': False, 'type': 'people', 'url': 'https://www.zhihu.com/api/v4/people/f185f255db4a26c022c3055da865cba7', 'user_type': 'people', 'headline': 'CG行业从业。', 'badge': [], 'gender': -1, 'is_advertiser': False}}",False,False
9,673738821,comment,https://www.zhihu.com/api/v4/comments/673738821,<p>像你这么机智，肯定会对着1938年的蒋介石说，已经1938年了，抗战再打7年就要结束了，不必炸花园口，日本人过不来的，我们会赢的</p>,False,False,False,False,1561269165,answer,False,True,False,True,True,False,False,"{'role': 'author', 'member': {'id': 'f185f255db4a26c022c3055da865cba7', 'url_token': 'tyup2008', 'name': 'Lloyd Bannings', 'avatar_url': 'https://pic2.zhimg.com/v2-caff94cf1ada7878d6fcd16eea773d13_r.jpg', 'avatar_url_template': 'https://pic2.zhimg.com/v2-caff94cf1ada7878d6fcd16eea773d13_{size}.jpg', 'is_org': False, 'type': 'people', 'url': 'https://www.zhihu.com/api/v4/people/f185f255db4a26c022c3055da865cba7', 'user_type': 'people', 'headline': 'CG行业从业。', 'badge': [], 'gender': -1, 'is_advertiser': False}}",False,0,"{'role': 'normal', 'member': {'id': '1b24ec2a93c8718144a7be766292f2a5', 'url_token': 'jia-peng-50', 'name': '贾鹏', 'avatar_url': 'https://pic2.zhimg.com/def7881bf_r.jpg', 'avatar_url_template': 'https://pic2.zhimg.com/def7881bf_{size}.jpg', 'is_org': False, 'type': 'people', 'url': 'https://www.zhihu.com/api/v4/people/1b24ec2a93c8718144a7be766292f2a5', 'user_type': 'people', 'headline': '普通路人', 'badge': [], 'gender': 1, 'is_advertiser': False}}",False,False
10,673739775,comment,https://www.zhihu.com/api/v4/comments/673739775,<p>我没有恶意啊，只是有些人把上帝视角当成习惯了。那不就是再打7年，战争就结束了吗？花园口炸不炸，对日军侵略进军影响不大</p>,False,False,False,False,1561269262,answer,False,True,False,True,True,False,False,"{'role': 'author', 'member': {'id': 'f185f255db4a26c022c3055da865cba7', 'url_token': 'tyup2008', 'name': 'Lloyd Bannings', 'avatar_url': 'https://pic2.zhimg.com/v2-caff94cf1ada7878d6fcd16eea773d13_r.jpg', 'avatar_url_template': 'https://pic2.zhimg.com/v2-caff94cf1ada7878d6fcd16eea773d13_{size}.jpg', 'is_org': False, 'type': 'people', 'url': 'https://www.zhihu.com/api/v4/people/f185f255db4a26c022c3055da865cba7', 'user_type': 'people', 'headline': 'CG行业从业。', 'badge': [], 'gender': -1, 'is_advertiser': False}}",False,0,"{'role': 'normal', 'member': {'id': '1b24ec2a93c8718144a7be766292f2a5', 'url_token': 'jia-peng-50', 'name': '贾鹏', 'avatar_url': 'https://pic2.zhimg.com/def7881bf_r.jpg', 'avatar_url_template': 'https://pic2.zhimg.com/def7881bf_{size}.jpg', 'is_org': False, 'type': 'people', 'url': 'https://www.zhihu.com/api/v4/people/1b24ec2a93c8718144a7be766292f2a5', 'user_type': 'people', 'headline': '普通路人', 'badge': [], 'gender': 1, 'is_advertiser': False}}",False,False
11,673744021,comment,https://www.zhihu.com/api/v4/comments/673744021,<p>你这么非要把常公拉进来，是会被人怀疑是否在刻意影射的，到时候是不是恶意的就不是你说的算的啦。因为常公指挥战役的水平已经是人尽皆知的啦，说某个人的业务水平就像指挥战役的常公一样，有骂人之嫌。</p><p>也因此，不把花园口当例子，本身不是开上帝视角，而是在尽力避开昏招自身对论证的不良影响。就好像我们说中国军人能打都会选择朝鲜战争来做例子，而不会选择62年中印战争，因为实在没什么意义啊。</p>,False,False,False,False,1561269691,answer,False,True,False,True,True,False,False,"{'role': 'normal', 'member': {'id': '1b24ec2a93c8718144a7be766292f2a5', 'url_token': 'jia-peng-50', 'name': '贾鹏', 'avatar_url': 'https://pic2.zhimg.com/def7881bf_r.jpg', 'avatar_url_template': 'https://pic2.zhimg.com/def7881bf_{size}.jpg', 'is_org': False, 'type': 'people', 'url': 'https://www.zhihu.com/api/v4/people/1b24ec2a93c8718144a7be766292f2a5', 'user_type': 'people', 'headline': '普通路人', 'badge': [], 'gender': 1, 'is_advertiser': False}}",False,0,"{'role': 'author', 'member': {'id': 'f185f255db4a26c022c3055da865cba7', 'url_token': 'tyup2008', 'name': 'Lloyd Bannings', 'avatar_url': 'https://pic2.zhimg.com/v2-caff94cf1ada7878d6fcd16eea773d13_r.jpg', 'avatar_url_template': 'https://pic2.zhimg.com/v2-caff94cf1ada7878d6fcd16eea773d13_{size}.jpg', 'is_org': False, 'type': 'people', 'url': 'https://www.zhihu.com/api/v4/people/f185f255db4a26c022c3055da865cba7', 'user_type': 'people', 'headline': 'CG行业从业。', 'badge': [], 'gender': -1, 'is_advertiser': False}}",False,False
12,673745796,comment,https://www.zhihu.com/api/v4/comments/673745796,<p>你非要把灭霸拉进来，是会被人怀疑是否在刻意影射的，到时候而已的就不是你说的算的啦。因为灭霸残暴是人尽皆知的啦，说分类垃圾就像灭霸屠杀一样，有骂人之嫌。</p>,False,False,False,False,1561269861,answer,False,True,False,True,True,False,False,"{'role': 'author', 'member': {'id': 'f185f255db4a26c022c3055da865cba7', 'url_token': 'tyup2008', 'name': 'Lloyd Bannings', 'avatar_url': 'https://pic2.zhimg.com/v2-caff94cf1ada7878d6fcd16eea773d13_r.jpg', 'avatar_url_template': 'https://pic2.zhimg.com/v2-caff94cf1ada7878d6fcd16eea773d13_{size}.jpg', 'is_org': False, 'type': 'people', 'url': 'https://www.zhihu.com/api/v4/people/f185f255db4a26c022c3055da865cba7', 'user_type': 'people', 'headline': 'CG行业从业。', 'badge': [], 'gender': -1, 'is_advertiser': False}}",False,0,"{'role': 'normal', 'member': {'id': '1b24ec2a93c8718144a7be766292f2a5', 'url_token': 'jia-peng-50', 'name': '贾鹏', 'avatar_url': 'https://pic2.zhimg.com/def7881bf_r.jpg', 'avatar_url_template': 'https://pic2.zhimg.com/def7881bf_{size}.jpg', 'is_org': False, 'type': 'people', 'url': 'https://www.zhihu.com/api/v4/people/1b24ec2a93c8718144a7be766292f2a5', 'user_type': 'people', 'headline': '普通路人', 'badge': [], 'gender': 1, 'is_advertiser': False}}",False,False
13,673748269,comment,https://www.zhihu.com/api/v4/comments/673748269,"<p>你赢了，不知不觉我已经被拉到我也不知道在辩论什么了，那就这样吧，你按照你的理解继续下去就好啦</p><a class=""comment_sticker"" href=""https://pic2.zhimg.com/v2-e213ddb29e5a2adb54d6343d5dea27d1.gif"" data-width="""" data-height="""">[摊手]</a>",False,False,False,False,1561270097,answer,False,True,False,True,True,False,False,"{'role': 'normal', 'member': {'id': '1b24ec2a93c8718144a7be766292f2a5', 'url_token': 'jia-peng-50', 'name': '贾鹏', 'avatar_url': 'https://pic2.zhimg.com/def7881bf_r.jpg', 'avatar_url_template': 'https://pic2.zhimg.com/def7881bf_{size}.jpg', 'is_org': False, 'type': 'people', 'url': 'https://www.zhihu.com/api/v4/people/1b24ec2a93c8718144a7be766292f2a5', 'user_type': 'people', 'headline': '普通路人', 'badge': [], 'gender': 1, 'is_advertiser': False}}",False,0,"{'role': 'author', 'member': {'id': 'f185f255db4a26c022c3055da865cba7', 'url_token': 'tyup2008', 'name': 'Lloyd Bannings', 'avatar_url': 'https://pic2.zhimg.com/v2-caff94cf1ada7878d6fcd16eea773d13_r.jpg', 'avatar_url_template': 'https://pic2.zhimg.com/v2-caff94cf1ada7878d6fcd16eea773d13_{size}.jpg', 'is_org': False, 'type': 'people', 'url': 'https://www.zhihu.com/api/v4/people/f185f255db4a26c022c3055da865cba7', 'user_type': 'people', 'headline': 'CG行业从业。', 'badge': [], 'gender': -1, 'is_advertiser': False}}",False,False
14,673749246,comment,https://www.zhihu.com/api/v4/comments/673749246,"<p>你也赢了，从一开始我就不知道这个辩论的是什么。。。那就这样吧，你按你的理解继续下去好啦</p><a class=""comment_sticker"" href=""https://pic2.zhimg.com/v2-e213ddb29e5a2adb54d6343d5dea27d1.gif"" data-width="""" data-height="""">[摊手]</a>",False,False,False,False,1561270187,answer,False,True,False,True,True,False,False,"{'role': 'author', 'member': {'id': 'f185f255db4a26c022c3055da865cba7', 'url_token': 'tyup2008', 'name': 'Lloyd Bannings', 'avatar_url': 'https://pic2.zhimg.com/v2-caff94cf1ada7878d6fcd16eea773d13_r.jpg', 'avatar_url_template': 'https://pic2.zhimg.com/v2-caff94cf1ada7878d6fcd16eea773d13_{size}.jpg', 'is_org': False, 'type': 'people', 'url': 'https://www.zhihu.com/api/v4/people/f185f255db4a26c022c3055da865cba7', 'user_type': 'people', 'headline': 'CG行业从业。', 'badge': [], 'gender': -1, 'is_advertiser': False}}",False,0,"{'role': 'normal', 'member': {'id': '1b24ec2a93c8718144a7be766292f2a5', 'url_token': 'jia-peng-50', 'name': '贾鹏', 'avatar_url': 'https://pic2.zhimg.com/def7881bf_r.jpg', 'avatar_url_template': 'https://pic2.zhimg.com/def7881bf_{size}.jpg', 'is_org': False, 'type': 'people', 'url': 'https://www.zhihu.com/api/v4/people/1b24ec2a93c8718144a7be766292f2a5', 'user_type': 'people', 'headline': '普通路人', 'badge': [], 'gender': 1, 'is_advertiser': False}}",False,False
15,674315000,comment,https://www.zhihu.com/api/v4/comments/674315000,<p>中文加英文，这种香蕉人</p>,False,False,False,False,1561344200,answer,False,True,False,True,True,False,False,"{'role': 'normal', 'member': {'id': 'd87eaec5712af5b362a9856567f7156f', 'url_token': 'shui-yi-er-10', 'name': '水伊儿', 'avatar_url': 'https://pic3.zhimg.com/c2d8218cee7b5a17c77dc5cb75fe030f_r.jpg', 'avatar_url_template': 'https://pic3.zhimg.com/c2d8218cee7b5a17c77dc5cb75fe030f_{size}.jpg', 'is_org': False, 'type': 'people', 'url': 'https://www.zhihu.com/api/v4/people/d87eaec5712af5b362a9856567f7156f', 'user_type': 'people', 'headline': '', 'badge': [], 'gender': -1, 'is_advertiser': False}}",False,0,,False,False
16,674346111,comment,https://www.zhihu.com/api/v4/comments/674346111,他是邓小平的专属同声传译，目前长期在各国考察研究，使用英语的机会远大于中文，某个词忘记了怎么表达很奇怪？,False,False,False,False,1561346692,answer,False,True,False,True,True,False,False,"{'role': 'author', 'member': {'id': 'f185f255db4a26c022c3055da865cba7', 'url_token': 'tyup2008', 'name': 'Lloyd Bannings', 'avatar_url': 'https://pic2.zhimg.com/v2-caff94cf1ada7878d6fcd16eea773d13_r.jpg', 'avatar_url_template': 'https://pic2.zhimg.com/v2-caff94cf1ada7878d6fcd16eea773d13_{size}.jpg', 'is_org': False, 'type': 'people', 'url': 'https://www.zhihu.com/api/v4/people/f185f255db4a26c022c3055da865cba7', 'user_type': 'people', 'headline': 'CG行业从业。', 'badge': [], 'gender': -1, 'is_advertiser': False}}",False,0,"{'role': 'normal', 'member': {'id': 'd87eaec5712af5b362a9856567f7156f', 'url_token': 'shui-yi-er-10', 'name': '水伊儿', 'avatar_url': 'https://pic3.zhimg.com/c2d8218cee7b5a17c77dc5cb75fe030f_r.jpg', 'avatar_url_template': 'https://pic3.zhimg.com/c2d8218cee7b5a17c77dc5cb75fe030f_{size}.jpg', 'is_org': False, 'type': 'people', 'url': 'https://www.zhihu.com/api/v4/people/d87eaec5712af5b362a9856567f7156f', 'user_type': 'people', 'headline': '', 'badge': [], 'gender': -1, 'is_advertiser': False}}",False,False
17,674346922,comment,https://www.zhihu.com/api/v4/comments/674346922,你的英语能做同传吗？,False,False,False,False,1561346760,answer,False,True,False,True,True,False,False,"{'role': 'author', 'member': {'id': 'f185f255db4a26c022c3055da865cba7', 'url_token': 'tyup2008', 'name': 'Lloyd Bannings', 'avatar_url': 'https://pic2.zhimg.com/v2-caff94cf1ada7878d6fcd16eea773d13_r.jpg', 'avatar_url_template': 'https://pic2.zhimg.com/v2-caff94cf1ada7878d6fcd16eea773d13_{size}.jpg', 'is_org': False, 'type': 'people', 'url': 'https://www.zhihu.com/api/v4/people/f185f255db4a26c022c3055da865cba7', 'user_type': 'people', 'headline': 'CG行业从业。', 'badge': [], 'gender': -1, 'is_advertiser': False}}",False,0,"{'role': 'normal', 'member': {'id': 'd87eaec5712af5b362a9856567f7156f', 'url_token': 'shui-yi-er-10', 'name': '水伊儿', 'avatar_url': 'https://pic3.zhimg.com/c2d8218cee7b5a17c77dc5cb75fe030f_r.jpg', 'avatar_url_template': 'https://pic3.zhimg.com/c2d8218cee7b5a17c77dc5cb75fe030f_{size}.jpg', 'is_org': False, 'type': 'people', 'url': 'https://www.zhihu.com/api/v4/people/d87eaec5712af5b362a9856567f7156f', 'user_type': 'people', 'headline': '', 'badge': [], 'gender': -1, 'is_advertiser': False}}",False,False
18,681481599,comment,https://www.zhihu.com/api/v4/comments/681481599,<p>作为同传要是碰到对方讲deal，他就不翻译了？</p>,False,False,False,False,1562205955,answer,False,True,False,True,True,False,False,"{'role': 'normal', 'member': {'id': '987b7ce8b2c26c57f84ee440cf010af3', 'url_token': 'liujianin', 'name': 'liujianin', 'avatar_url': 'https://pic4.zhimg.com/da8e974dc_r.jpg', 'avatar_url_template': 'https://pic4.zhimg.com/da8e974dc_{size}.jpg', 'is_org': False, 'type': 'people', 'url': 'https://www.zhihu.com/api/v4/people/987b7ce8b2c26c57f84ee440cf010af3', 'user_type': 'people', 'headline': '', 'badge': [], 'gender': -1, 'is_advertiser': False}}",False,0,"{'role': 'author', 'member': {'id': 'f185f255db4a26c022c3055da865cba7', 'url_token': 'tyup2008', 'name': 'Lloyd Bannings', 'avatar_url': 'https://pic2.zhimg.com/v2-caff94cf1ada7878d6fcd16eea773d13_r.jpg', 'avatar_url_template': 'https://pic2.zhimg.com/v2-caff94cf1ada7878d6fcd16eea773d13_{size}.jpg', 'is_org': False, 'type': 'people', 'url': 'https://www.zhihu.com/api/v4/people/f185f255db4a26c022c3055da865cba7', 'user_type': 'people', 'headline': 'CG行业从业。', 'badge': [], 'gender': -1, 'is_advertiser': False}}",False,False
19,681492282,comment,https://www.zhihu.com/api/v4/comments/681492282,<p>这就是一个语言习惯了，有他的英语水平，你早就把证书贴脸上了。</p>,False,False,False,False,1562206709,answer,False,True,False,True,True,False,False,"{'role': 'author', 'member': {'id': 'f185f255db4a26c022c3055da865cba7', 'url_token': 'tyup2008', 'name': 'Lloyd Bannings', 'avatar_url': 'https://pic2.zhimg.com/v2-caff94cf1ada7878d6fcd16eea773d13_r.jpg', 'avatar_url_template': 'https://pic2.zhimg.com/v2-caff94cf1ada7878d6fcd16eea773d13_{size}.jpg', 'is_org': False, 'type': 'people', 'url': 'https://www.zhihu.com/api/v4/people/f185f255db4a26c022c3055da865cba7', 'user_type': 'people', 'headline': 'CG行业从业。', 'badge': [], 'gender': -1, 'is_advertiser': False}}",False,0,"{'role': 'normal', 'member': {'id': '987b7ce8b2c26c57f84ee440cf010af3', 'url_token': 'liujianin', 'name': 'liujianin', 'avatar_url': 'https://pic4.zhimg.com/da8e974dc_r.jpg', 'avatar_url_template': 'https://pic4.zhimg.com/da8e974dc_{size}.jpg', 'is_org': False, 'type': 'people', 'url': 'https://www.zhihu.com/api/v4/people/987b7ce8b2c26c57f84ee440cf010af3', 'user_type': 'people', 'headline': '', 'badge': [], 'gender': -1, 'is_advertiser': False}}",False,False
0,681584061,comment,https://www.zhihu.com/api/v4/comments/681584061,怎么表达是个人习惯问题，我很支持。我只是很奇怪为什么用英文表达，就代表了他忘记了某个词？还用同传来当论据？正常逻辑下，同传不应该更能用合适的中文来表达吗？就像我提出了疑问，你就能推测出我有这证书就会贴脸上[捂脸]真是大千世界，脑回路各有清奇,False,False,False,False,1562213482,answer,False,True,False,True,True,False,False,"{'role': 'normal', 'member': {'id': '987b7ce8b2c26c57f84ee440cf010af3', 'url_token': 'liujianin', 'name': 'liujianin', 'avatar_url': 'https://pic4.zhimg.com/da8e974dc_r.jpg', 'avatar_url_template': 'https://pic4.zhimg.com/da8e974dc_{size}.jpg', 'is_org': False, 'type': 'people', 'url': 'https://www.zhihu.com/api/v4/people/987b7ce8b2c26c57f84ee440cf010af3', 'user_type': 'people', 'headline': '', 'badge': [], 'gender': -1, 'is_advertiser': False}}",False,0,"{'role': 'author', 'member': {'id': 'f185f255db4a26c022c3055da865cba7', 'url_token': 'tyup2008', 'name': 'Lloyd Bannings', 'avatar_url': 'https://pic2.zhimg.com/v2-caff94cf1ada7878d6fcd16eea773d13_r.jpg', 'avatar_url_template': 'https://pic2.zhimg.com/v2-caff94cf1ada7878d6fcd16eea773d13_{size}.jpg', 'is_org': False, 'type': 'people', 'url': 'https://www.zhihu.com/api/v4/people/f185f255db4a26c022c3055da865cba7', 'user_type': 'people', 'headline': 'CG行业从业。', 'badge': [], 'gender': -1, 'is_advertiser': False}}",False,False
1,681628363,comment,https://www.zhihu.com/api/v4/comments/681628363,<p>一个会质疑别人语言组织的人才是脑回路清奇关注点独特的，因为正常人的关注点是对方说了什么，而一个很奇怪的人会质疑别人用了哪个词来表达</p>,False,False,False,False,1562216736,answer,False,True,False,True,True,False,False,"{'role': 'author', 'member': {'id': 'f185f255db4a26c022c3055da865cba7', 'url_token': 'tyup2008', 'name': 'Lloyd Bannings', 'avatar_url': 'https://pic2.zhimg.com/v2-caff94cf1ada7878d6fcd16eea773d13_r.jpg', 'avatar_url_template': 'https://pic2.zhimg.com/v2-caff94cf1ada7878d6fcd16eea773d13_{size}.jpg', 'is_org': False, 'type': 'people', 'url': 'https://www.zhihu.com/api/v4/people/f185f255db4a26c022c3055da865cba7', 'user_type': 'people', 'headline': 'CG行业从业。', 'badge': [], 'gender': -1, 'is_advertiser': False}}",False,0,"{'role': 'normal', 'member': {'id': '987b7ce8b2c26c57f84ee440cf010af3', 'url_token': 'liujianin', 'name': 'liujianin', 'avatar_url': 'https://pic4.zhimg.com/da8e974dc_r.jpg', 'avatar_url_template': 'https://pic4.zhimg.com/da8e974dc_{size}.jpg', 'is_org': False, 'type': 'people', 'url': 'https://www.zhihu.com/api/v4/people/987b7ce8b2c26c57f84ee440cf010af3', 'user_type': 'people', 'headline': '', 'badge': [], 'gender': -1, 'is_advertiser': False}}",False,False
2,681630704,comment,https://www.zhihu.com/api/v4/comments/681630704,<p>哎哟不行，一会儿你该挑我哪个词语毛病了，还是先屏蔽吧，免得一会儿还得和你讨论语法，反正你被人称为人形自走新华词典</p>,False,False,False,False,1562216910,answer,False,True,False,True,True,False,False,"{'role': 'author', 'member': {'id': 'f185f255db4a26c022c3055da865cba7', 'url_token': 'tyup2008', 'name': 'Lloyd Bannings', 'avatar_url': 'https://pic2.zhimg.com/v2-caff94cf1ada7878d6fcd16eea773d13_r.jpg', 'avatar_url_template': 'https://pic2.zhimg.com/v2-caff94cf1ada7878d6fcd16eea773d13_{size}.jpg', 'is_org': False, 'type': 'people', 'url': 'https://www.zhihu.com/api/v4/people/f185f255db4a26c022c3055da865cba7', 'user_type': 'people', 'headline': 'CG行业从业。', 'badge': [], 'gender': -1, 'is_advertiser': False}}",False,0,"{'role': 'normal', 'member': {'id': '987b7ce8b2c26c57f84ee440cf010af3', 'url_token': 'liujianin', 'name': 'liujianin', 'avatar_url': 'https://pic4.zhimg.com/da8e974dc_r.jpg', 'avatar_url_template': 'https://pic4.zhimg.com/da8e974dc_{size}.jpg', 'is_org': False, 'type': 'people', 'url': 'https://www.zhihu.com/api/v4/people/987b7ce8b2c26c57f84ee440cf010af3', 'user_type': 'people', 'headline': '', 'badge': [], 'gender': -1, 'is_advertiser': False}}",False,False
